Date,AAPL,MSFT,META,NVDA,GOOGL,JPM,AMZN,V,WMT,TSLA,JNJ,PG
2023-01-03,123.33065032958984,234.42359924316406,124.05941009521484,14.301480293273926,88.5095443725586,126.10230255126953,85.81999969482422,203.15676879882812,46.24146270751953,108.0999984741211,163.6885986328125,141.4970703125
2023-01-04,124.60271453857422,224.16915893554688,126.675048828125,14.73507022857666,87.4766616821289,127.27825164794922,85.13999938964844,208.27023315429688,46.29297637939453,113.63999938964844,165.4707489013672,142.1132049560547
2023-01-05,123.28133392333984,217.52528381347656,126.24739837646484,14.25152587890625,85.60953521728516,127.25003051757812,83.12000274658203,206.8008575439453,46.135196685791016,110.33999633789062,164.2489776611328,140.34881591796875
2023-01-06,127.81736755371094,220.08888244628906,129.31060791015625,14.844966888427734,86.74172973632812,129.68504333496094,86.08000183105469,213.30531311035156,47.265464782714844,113.05999755859375,165.5809783935547,143.6908721923828
2023-01-09,128.33998107910156,222.2317352294922,128.7635955810547,15.613241195678711,87.41707611083984,129.14915466308594,87.36000061035156,214.13796997070312,46.67617416381836,119.7699966430664,161.29104614257812,141.93582153320312
2023-01-10,128.91192626953125,223.92453002929688,132.26438903808594,15.893975257873535,87.8143310546875,130.30555725097656,89.87000274658203,216.57711791992188,46.64719772338867,118.8499984741211,160.9051971435547,141.7957763671875
2023-01-11,131.633544921875,230.6956024169922,132.16493225097656,15.985885620117188,90.89310455322266,131.27389526367188,95.08999633789062,217.56654357910156,47.056156158447266,123.22000122070312,160.6479949951172,140.64755249023438
2023-01-12,131.55467224121094,233.37660217285156,135.96409606933594,16.495403289794922,90.5057601928711,131.14230346679688,95.2699966430664,219.05551147460938,46.6310920715332,123.55999755859375,159.83961486816406,139.85403442382812
2023-01-13,132.88587951660156,234.08111572265625,136.2326202392578,16.883039474487305,91.48899841308594,134.4516143798828,98.12000274658203,218.50692749023438,46.785667419433594,122.4000015258789,159.3159942626953,140.85293579101562
2023-01-17,134.04949951171875,235.177001953125,134.62147521972656,17.68528175354004,90.6646728515625,132.37391662597656,96.05000305175781,218.44818115234375,46.502288818359375,131.49000549316406,158.3330841064453,140.44215393066406
2023-01-18,133.32965087890625,230.73471069335938,132.29425048828125,17.3605899810791,90.495849609375,128.39703369140625,95.45999908447266,214.9804229736328,45.352699279785156,128.77999877929688,155.94467163085938,136.67999267578125
2023-01-19,133.3887939453125,226.93820190429688,135.4071502685547,16.749170303344727,92.41261291503906,126.68594360351562,93.68000030517578,215.91102600097656,44.705440521240234,127.16999816894531,155.73338317871094,133.7894287109375
2023-01-20,135.95265197753906,235.04977416992188,138.60958862304688,17.82215118408203,97.34857940673828,126.99620056152344,97.25,219.7313995361328,45.2560920715332,133.4199981689453,155.0076904296875,134.3061065673828
2023-01-23,139.14759826660156,237.3590087890625,142.48829650878906,19.174875259399414,99.10646057128906,129.0551300048828,97.5199966430664,219.6040802001953,45.932315826416016,143.75,154.61268615722656,132.50245666503906
2023-01-24,140.54783630371094,236.8306427001953,142.3590087890625,19.24680519104004,97.03076171875,130.16452026367188,96.31999969482422,219.3199920654297,46.0546875,143.88999938964844,154.61268615722656,133.22579956054688
2023-01-25,139.88714599609375,235.431396484375,140.72796630859375,19.30475425720215,94.56776428222656,130.79443359375,97.18000030517578,220.30935668945312,45.83571243286133,144.42999267578125,155.71499633789062,133.13186645507812
2023-01-26,141.95794677734375,242.66238403320312,146.49632263183594,19.78329849243164,96.85200500488281,131.60296630859375,99.22000122070312,220.12327575683594,45.79384994506836,160.27000427246094,155.14544677734375,132.59640502929688
2023-01-27,143.90054321289062,242.8189239501953,150.91207885742188,20.345766067504883,98.68933868408203,131.92262268066406,102.23999786376953,226.7158966064453,46.14484786987305,177.89999389648438,154.53916931152344,132.0515594482422
2023-01-30,141.0113067626953,237.48619079589844,146.2576141357422,19.143901824951172,96.2759780883789,130.80381774902344,100.55000305175781,224.42369079589844,45.77452850341797,166.66000366210938,148.81619262695312,132.4648895263672
2023-01-31,142.2833709716797,242.47647094726562,148.15719604492188,19.5185489654541,98.16295623779297,131.5841522216797,103.12999725341797,225.51100158691406,46.328399658203125,173.22000122070312,150.12062072753906,133.7518768310547
2023-02-01,143.407470703125,247.3101043701172,152.28456115722656,20.923221588134766,99.74207305908203,131.23629760742188,105.1500015258789,226.18687438964844,46.58600997924805,181.41000366210938,151.49853515625,134.51278686523438
2023-02-02,148.72251892089844,258.90509033203125,187.74005126953125,21.688495635986328,107.00199127197266,130.6251983642578,112.91000366210938,224.87425231933594,46.24789810180664,188.27000427246094,152.06808471679688,133.55459594726562
2023-02-03,152.3513641357422,252.78964233398438,185.5122528076172,21.08007049560547,104.06227111816406,132.64654541015625,103.38999938964844,225.43263244628906,45.632850646972656,189.97999572753906,151.21377563476562,133.96792602539062
2023-02-06,149.619873046875,251.24359130859375,185.0448455810547,21.06908416748047,102.19514465332031,133.4268798828125,102.18000030517578,224.7567138671875,45.30116653442383,194.75999450683594,150.0655059814453,132.83123779296875
2023-02-07,152.499267578125,261.8013916015625,190.57447814941406,22.152057647705078,106.9026870727539,135.0533447265625,102.11000061035156,226.5983428955078,45.397769927978516,196.80999755859375,150.10226440429688,131.5348663330078
2023-02-08,149.80723571777344,260.9892578125,182.42918395996094,22.184032440185547,98.68933868408203,134.10379028320312,100.05000305175781,225.50120544433594,45.153038024902344,201.2899932861328,150.29513549804688,130.17276000976562
2023-02-09,148.77183532714844,257.9461975097656,176.94923400878906,22.31590461730957,94.35919189453125,132.01663208007812,98.23999786376953,225.10861206054688,45.571659088134766,207.32000732421875,148.26499938964844,128.74485778808594
2023-02-10,149.13726806640625,257.43731689453125,173.19981384277344,21.244915008544922,93.92220306396484,132.59950256347656,97.61000061035156,222.99835205078125,46.28010177612305,196.88999938964844,148.9539794921875,129.88153076171875
2023-02-13,151.94203186035156,265.4804382324219,178.45098876953125,21.76742172241211,93.96192932128906,134.03797912597656,99.54000091552734,224.6472930908203,46.98530578613281,194.63999938964844,149.50514221191406,131.58184814453125
2023-02-14,151.3000946044922,266.3121643066406,178.500732421875,22.94930648803711,94.03146362304688,134.6302490234375,99.69999694824219,225.14784240722656,46.850059509277344,209.25,148.85293579101562,130.83973693847656
2023-02-15,153.40367126464844,264.18353271484375,176.19338989257812,22.74250030517578,96.2759780883789,135.19432067871094,101.16000366210938,224.68653869628906,47.197837829589844,214.24000549316406,146.40020751953125,130.5391387939453
2023-02-16,151.80377197265625,257.1502380371094,171.4991455078125,21.98122215270996,94.85577392578125,133.33282470703125,98.1500015258789,221.6536865234375,46.45720291137695,202.0399932861328,145.36219787597656,128.8293914794922
2023-02-17,150.6581573486328,253.13827514648438,171.93673706054688,21.367799758911133,93.7037124633789,133.72772216796875,97.19999694824219,219.4256591796875,47.155975341796875,208.30999755859375,148.39691162109375,131.52548217773438
2023-02-21,146.63861083984375,247.85110473632812,171.14111328125,20.63549041748047,91.1612548828125,131.27389526367188,94.58000183105469,216.54002380371094,47.44257354736328,197.3699951171875,146.18563842773438,131.43154907226562
2023-02-22,147.0633087158203,246.71322631835938,170.18634033203125,20.73440170288086,91.02220153808594,130.2679443359375,95.79000091552734,215.951171875,46.44755172729492,200.86000061035156,145.9821014404297,131.98580932617188
2023-02-23,147.5472412109375,249.91102600097656,171.101318359375,23.641651153564453,90.26741790771484,131.31149291992188,95.81999969482422,217.0406036376953,45.755210876464844,202.07000732421875,145.935791015625,131.5630645751953
2023-02-24,144.8905792236328,244.46688842773438,169.46034240722656,23.264005661010742,88.51947021484375,132.49607849121094,93.5,215.4898223876953,45.87758255004883,196.8800048828125,144.30743408203125,130.82093811035156
2023-02-27,146.0855712890625,245.3889617919922,168.61495971679688,23.478805541992188,89.25440979003906,133.6525115966797,93.76000213623047,216.2750244140625,45.54591369628906,207.6300048828125,143.9928436279297,130.70822143554688
2023-02-28,145.58192443847656,244.6630859375,173.98550415039062,23.194072723388672,89.44310760498047,134.7712860107422,94.2300033569336,215.87261962890625,45.76809310913086,205.7100067138672,141.800048828125,129.2239532470703
2023-03-01,143.50794982910156,241.57315063476562,172.47378540039062,22.676563262939453,89.74105834960938,134.0191650390625,92.16999816894531,214.3218231201172,45.130496978759766,202.77000427246094,141.16165161132812,129.3179168701172
2023-03-02,144.1005096435547,246.3208465576172,173.57774353027344,23.291982650756836,91.36981201171875,132.62774658203125,92.12999725341797,215.0088653564453,45.24320602416992,190.89999389648438,141.05064392089844,131.45034790039062
2023-03-03,149.15699768066406,250.42111206054688,184.2392578125,23.867435455322266,93.00851440429688,135.062744140625,94.9000015258789,219.6317901611328,45.29794692993164,197.7899932861328,142.50323486328125,132.40853881835938
2023-03-06,151.9223175048828,251.9709930419922,183.89114379882812,23.531755447387695,94.47836303710938,134.27301025390625,93.75,222.55667114257812,45.291507720947266,193.80999755859375,143.9281005859375,131.8448944091797
2023-03-07,149.71995544433594,249.30284118652344,183.50328063964844,23.269956588745117,93.21707916259766,130.32435607910156,93.55000305175781,219.04287719726562,44.84069061279297,187.7100067138672,142.5680389404297,129.2239532470703
2023-03-08,150.9741973876953,248.86141967773438,183.9607696533203,24.162263870239258,93.60440063476562,129.55343627929688,93.91999816894531,218.0810089111328,44.470367431640625,182.0,141.52247619628906,129.2427520751953
2023-03-09,148.72247314453125,247.5077667236328,180.69866943359375,23.417844772338867,91.6876220703125,122.53987121582031,92.25,215.9413299560547,44.170894622802734,172.9199981689453,139.93109130859375,128.2939453125
2023-03-10,146.6583709716797,243.84890747070312,178.5305633544922,22.947206497192383,90.00919342041016,125.6517562866211,90.7300033569336,212.14288330078125,44.10649490356445,173.44000244140625,140.2734375,128.87635803222656
2023-03-13,148.60397338867188,249.0772247314453,179.91297912597656,22.948205947875977,90.48590087890625,123.39540100097656,92.43000030517578,210.5037841796875,44.23529815673828,174.47999572753906,141.61500549316406,129.76882934570312
2023-03-14,150.69766235351562,255.81619262695312,192.96139526367188,24.044353485107422,93.3263168334961,126.56372833251953,94.87999725341797,214.61627197265625,44.470367431640625,183.25999450683594,142.4107208251953,131.3751983642578
2023-03-15,151.0926971435547,260.37750244140625,196.67105102539062,24.209228515625,95.45166015625,120.58433532714844,96.19999694824219,212.3686065673828,44.966278076171875,180.4499969482422,142.8085479736328,133.2351837158203
2023-03-16,153.91720581054688,270.9323425292969,203.81185913085938,25.521211624145508,99.63282012939453,122.92533111572266,100.04000091552734,213.4286651611328,44.71084213256836,184.1300048828125,142.51248168945312,134.23095703125
2023-03-17,153.07777404785156,274.1007080078125,194.54273986816406,25.70507049560547,100.92391967773438,118.28096008300781,98.94999694824219,213.36976623535156,45.072975158691406,180.1300048828125,140.98587036132812,134.26853942871094
2023-03-20,155.44801330566406,267.03802490234375,196.730712890625,25.87993049621582,100.52665710449219,119.53135681152344,97.70999908447266,214.11572265625,45.557979583740234,183.25,142.38294982910156,136.33522033691406
2023-03-21,157.30467224121094,268.5585021972656,201.0570068359375,26.17870330810547,104.2013168334961,122.73728942871094,100.61000061035156,217.84542846679688,45.40277862548828,197.5800018310547,142.38294982910156,135.3488311767578
2023-03-22,155.8726806640625,267.0968933105469,198.7198028564453,26.447494506835938,102.66194152832031,119.5689697265625,98.69999694824219,215.97073364257812,45.111778259277344,191.14999389648438,139.7552947998047,135.26429748535156
2023-03-23,156.95904541015625,272.3644714355469,203.16542053222656,27.169931411743164,104.87664794921875,119.24932098388672,98.70999908447266,218.47361755371094,45.477142333984375,192.22000122070312,139.82931518554688,135.076416015625
2023-03-24,158.2626953125,275.218994140625,204.88597106933594,26.758251190185547,104.71775817871094,117.43482208251953,98.12999725341797,216.9522705078125,45.848976135253906,190.41000366210938,141.2356719970703,137.828857421875
2023-03-27,156.3170928955078,271.1089172363281,201.73329162597656,26.51044273376465,101.75816345214844,120.80058288574219,98.04000091552734,217.7080078125,46.615291595458984,191.80999755859375,141.83706665039062,137.1055450439453
2023-03-28,155.6949005126953,269.9808349609375,199.58505249023438,26.389535903930664,100.33795928955078,121.167236328125,97.23999786376953,216.25540161132812,46.43421173095703,189.19000244140625,140.46774291992188,137.4906768798828
2023-03-29,158.77622985839844,275.16009521484375,204.22959899902344,26.963092803955078,100.69548797607422,121.41166687011719,100.25,219.1704864501953,46.63468933105469,193.8800048828125,141.84629821777344,137.9134063720703
2023-03-30,160.34649658203125,278.6325988769531,206.7060089111328,27.361783981323242,100.19892120361328,121.0450210571289,102.0,218.24786376953125,47.10029220581055,195.27999877929688,141.95733642578125,138.51466369628906
2023-03-31,162.85496520996094,282.8015441894531,210.78363037109375,27.755477905273438,103.01947021484375,122.51165008544922,103.29000091552734,221.29054260253906,47.67582702636719,207.4600067138672,143.40994262695312,139.6794891357422
2023-04-03,164.10926818847656,281.7519836425781,211.90745544433594,27.94333267211914,103.64514923095703,122.37063598632812,102.41000366210938,224.76507568359375,48.076759338378906,194.77000427246094,145.1216278076172,140.4497833251953
2023-04-04,163.5759735107422,281.7029113769531,213.5484619140625,27.431730270385742,104.00267791748047,120.73477935791016,103.94999694824219,223.4498291015625,47.60469436645508,192.5800018310547,146.6389923095703,141.12612915039062
2023-04-05,161.72915649414062,278.91705322265625,210.32614135742188,26.86017608642578,103.75440216064453,120.91480255126953,101.0999984741211,223.95040893554688,48.39362716674805,185.52000427246094,153.22659301757812,142.09373474121094
2023-04-06,162.61798095703125,286.03863525390625,214.92092895507812,27.016050338745117,107.6773452758789,120.78213500976562,102.05999755859375,221.81076049804688,48.758995056152344,185.05999755859375,152.80101013183594,142.99557495117188
2023-04-10,160.0205841064453,283.8707580566406,213.57830810546875,27.557632446289062,105.71090698242188,121.18009185791016,102.16999816894531,222.2425537109375,48.665225982666016,184.50999450683594,152.03306579589844,141.81192016601562
2023-04-11,158.8058319091797,277.43585205078125,212.68321228027344,27.147951126098633,104.62837219238281,121.77704620361328,99.91999816894531,224.22525024414062,48.52296829223633,186.7899932861328,151.98678588867188,141.53012084960938
2023-04-12,158.11453247070312,278.08331298828125,212.83238220214844,26.47447395324707,103.92322540283203,121.75811004638672,97.83000183105469,223.5970916748047,48.286930084228516,180.5399932861328,151.66297912597656,141.91525268554688
2023-04-13,163.5068359375,284.31219482421875,219.14773559570312,26.4424991607666,106.6941146850586,122.2223892211914,102.4000015258789,228.38682556152344,48.335426330566406,185.89999389648438,153.68923950195312,142.5728302001953
2023-04-14,163.1611785888672,280.6827697753906,220.28152465820312,26.737266540527344,108.12425994873047,131.4513702392578,102.51000213623047,229.69224548339844,48.00885772705078,185.0,153.43942260742188,141.84950256347656
2023-04-17,163.18092346191406,283.2920227050781,217.66587829589844,26.981081008911133,105.24413299560547,132.49365234375,102.73999786376953,229.16220092773438,48.34513854980469,187.0399932861328,153.28213500976562,141.896484375
2023-04-18,164.40553283691406,282.87017822265625,216.701171875,27.64556312561035,103.78418731689453,133.98126220703125,102.30000305175781,229.28001403808594,48.45183181762695,184.30999755859375,148.9705352783203,142.0467987060547
2023-04-19,165.55116271972656,282.94866943359375,214.52310180664062,27.909360885620117,103.46638488769531,133.8107452392578,104.30000305175781,228.26907348632812,48.50356674194336,180.58999633789062,150.3769073486328,142.07496643066406
2023-04-20,164.58328247070312,280.6533203125,211.90745544433594,27.083003997802734,104.56877899169922,133.4222412109375,103.80999755859375,230.26148986816406,48.813968658447266,162.99000549316406,151.34837341308594,142.59580993652344
2023-04-21,162.9735107421875,280.3100280761719,211.7284698486328,27.09798812866211,104.6879653930664,133.1664276123047,106.95999908447266,229.72166442871094,49.0597038269043,165.0800018310547,150.5249481201172,147.53018188476562
2023-04-24,163.2796630859375,276.3960876464844,211.62896728515625,27.02104949951172,105.24413299560547,133.34642028808594,106.20999908447266,228.45553588867188,49.39273452758789,162.5500030517578,151.44091796875,147.7948760986328
2023-04-25,161.73904418945312,270.167236328125,206.41758728027344,26.220672607421875,103.13864135742188,130.4469757080078,102.56999969482422,225.34417724609375,49.00796890258789,160.6699981689453,152.8287353515625,147.83267211914062
2023-04-26,161.72915649414062,289.7366943359375,208.25747680664062,26.935115814208984,102.99960327148438,128.13499450683594,104.9800033569336,223.93077087402344,48.7945671081543,153.75,150.4601593017578,146.12173461914062
2023-04-27,166.32147216796875,299.0162658691406,237.25839233398438,27.20490264892578,106.85302734375,129.85952758789062,109.81999969482422,224.77487182617188,48.946529388427734,160.19000244140625,150.811767578125,147.90829467773438
2023-04-28,167.57569885253906,301.39996337890625,239.00880432128906,27.727502822875977,106.604736328125,130.98709106445312,105.44999694824219,228.42608642578125,48.813968658447266,164.30999755859375,151.4593963623047,147.82322692871094
2023-05-01,167.48683166503906,299.7323913574219,241.85317993164062,28.887603759765625,106.46569061279297,133.79176330566406,102.05000305175781,228.2101287841797,49.01443099975586,161.8300018310547,151.3668975830078,148.00282287597656
2023-05-02,166.44985961914062,299.5852355957031,237.93467712402344,28.188142776489258,104.59857177734375,131.63140869140625,103.62999725341797,222.78240966796875,48.88187026977539,160.30999755859375,152.68995666503906,147.8704833984375
2023-05-03,165.37338256835938,298.5944519042969,235.7367401123047,27.780458450317383,104.6879653930664,128.84564208984375,103.6500015258789,221.8009033203125,48.70079803466797,160.61000061035156,150.6914825439453,147.6814422607422
2023-05-04,163.73394775390625,299.5852355957031,232.2458953857422,27.5406494140625,103.97289276123047,127.0832290649414,104.0,221.4279327392578,48.837120056152344,161.1999969482422,150.00680541992188,147.00082397460938
2023-05-05,171.41749572753906,304.7253112792969,231.50991821289062,28.657777786254883,104.84687042236328,129.56576538085938,105.66000366210938,227.49365234375,49.2590446472168,170.05999755859375,150.51568603515625,147.4923553466797
2023-05-08,171.3483428955078,302.763427734375,231.9972381591797,29.128414154052734,107.03178405761719,129.87847900390625,105.83000183105469,227.93533325195312,49.567386627197266,171.7899932861328,150.17335510253906,146.80230712890625
2023-05-09,169.63980102539062,301.1449279785156,232.09669494628906,28.548860549926758,106.61466979980469,129.2530975341797,106.62000274658203,228.94627380371094,49.651771545410156,169.14999389648438,149.007568359375,145.29928588867188
2023-05-10,171.4075927734375,306.3536682128906,231.80828857421875,28.862621307373047,110.9845199584961,129.31942749023438,110.19000244140625,226.99310302734375,49.51220703125,168.5399932861328,149.5626678466797,145.60179138183594
2023-05-11,171.59524536132812,304.195556640625,234.5034942626953,28.555856704711914,115.77151489257812,128.91200256347656,112.18000030517578,227.17994689941406,49.69721221923828,172.0800018310547,148.9520721435547,145.94210815429688
2023-05-12,170.66563415527344,303.0773620605469,232.5343017578125,28.318044662475586,116.70507049560547,127.06430053710938,110.26000213623047,227.54379272460938,49.68098068237305,167.97999572753906,148.7577362060547,147.42620849609375
2023-05-15,170.17115783691406,303.5579833984375,237.5567626953125,28.93056869506836,115.71192932128906,128.13499450683594,111.19999694824219,228.9500732421875,49.29475402832031,166.35000610351562,147.61973571777344,147.4734649658203
2023-05-16,170.17115783691406,305.79449462890625,237.51698303222656,29.190366744995117,118.69137573242188,127.27276611328125,113.4000015258789,226.64889526367188,48.61316680908203,166.52000427246094,147.42543029785156,147.21823120117188
2023-05-17,170.78428649902344,308.6846923828125,241.16696166992188,30.154619216918945,120.01226043701172,131.18605041503906,115.5,228.79273986816406,48.53202819824219,173.86000061035156,147.10159301757812,146.5943603515625
2023-05-18,173.11827087402344,313.12823486328125,245.50315856933594,31.65345573425293,121.98863220214844,132.18093872070312,118.1500015258789,229.72698974609375,49.16168212890625,176.88999938964844,146.62973022460938,144.18389892578125
2023-05-19,173.22705078125,312.9512634277344,244.2997589111328,31.239776611328125,121.91910552978516,131.8777618408203,116.25,229.44178771972656,48.655357360839844,180.13999938964844,147.027587890625,144.7888641357422
2023-05-22,172.27760314941406,315.74322509765625,246.9651336669922,31.15184783935547,124.19342803955078,130.78810119628906,115.01000213623047,227.44546508789062,48.226932525634766,188.8699951171875,146.23519897460938,140.99827575683594
2023-05-23,169.66676330566406,309.92340087890625,245.39378356933594,30.664220809936523,121.72047424316406,129.4236297607422,114.98999786376953,220.8565216064453,48.13605499267578,185.77000427246094,146.1792755126953,139.4763641357422
2023-05-24,169.9436798095703,308.5372619628906,247.8502960205078,30.51434326171875,120.07185363769531,128.23922729492188,116.75,218.56515502929688,47.91535186767578,182.89999389648438,146.03945922851562,138.32313537597656
2023-05-25,171.0809783935547,320.4029541015625,251.31129455566406,37.95057678222656,122.63418579101562,128.55191040039062,115.0,219.67645263671875,47.43824768066406,184.47000122070312,143.94198608398438,137.4345703125
2023-05-26,173.49404907226562,327.2550048828125,260.6102600097656,38.915828704833984,123.7564468383789,129.75527954101562,120.11000061035156,221.27940368652344,47.52262878417969,193.1699981689453,143.8860626220703,137.44400024414062
2023-05-30,175.3434295654297,325.6034240722656,261.087646484375,40.07992172241211,122.82289123535156,130.24801635742188,121.66000366210938,217.96530151367188,47.40578842163086,201.16000366210938,143.90472412109375,135.34548950195312
2023-05-31,175.2939910888672,322.8311462402344,263.2756652832031,37.8046875,122.02836608886719,128.58984375,120.58000183105469,217.36541748046875,47.66868591308594,203.92999267578125,144.5478973388672,134.7026824951172
2023-06-01,178.10264587402344,326.9501953125,271.12261962890625,39.73918533325195,122.8725357055664,130.3616943359375,122.7699966430664,222.7447052001953,47.84394836425781,207.52000427246094,144.0631561279297,136.0828399658203
2023-06-02,178.95315551757812,329.7225036621094,271.12261962890625,39.29652786254883,123.81603240966797,133.10006713867188,124.25,224.99673461914062,48.30158233642578,213.97000122070312,146.32843017578125,138.5027313232422
2023-06-05,177.59825134277344,330.25335693359375,269.9092712402344,39.140647888183594,125.14686584472656,131.79246520996094,125.30000305175781,223.01022338867188,48.61966323852539,217.61000061035156,147.5869140625,137.95448303222656
2023-06-06,177.2323455810547,328.03155517578125,269.6407165527344,38.624053955078125,126.43795013427734,132.0293731689453,126.61000061035156,224.4362030029297,48.61316680908203,221.30999755859375,147.45639038085938,136.58383178710938
2023-06-07,175.8577117919922,317.9059753417969,262.16180419921875,37.4498405456543,121.66089630126953,133.3085174560547,121.2300033569336,221.5351104736328,48.684566497802734,224.57000732421875,147.77334594726562,136.8768768310547
2023-06-08,178.57733154296875,319.7541198730469,263.1363830566406,38.4841423034668,121.30335998535156,133.34642028808594,124.25,219.35191345214844,49.388877868652344,234.86000061035156,149.3953857421875,138.42709350585938
2023-06-09,178.96302795410156,321.2582092285156,263.5044250488281,38.74397277832031,121.39274597167969,133.61172485351562,123.43000030517578,219.85345458984375,49.687469482421875,244.39999389648438,149.162353515625,138.54054260253906
2023-06-12,181.76177978515625,326.23260498046875,269.5710754394531,39.45548629760742,122.79307556152344,133.60226440429688,126.56999969482422,222.420166015625,50.015289306640625,249.8300018310547,149.05978393554688,137.4534912109375
2023-06-13,181.287109375,328.63128662109375,269.83966064453125,40.99445724487305,122.9817886352539,134.56875610351562,126.66000366210938,219.69607543945312,50.404762268066406,258.7099914550781,149.84286499023438,137.12258911132812
2023-06-14,181.9200439453125,331.6296081542969,271.8585510253906,42.968135833740234,122.82289123535156,134.06655883789062,126.41999816894531,219.73544311523438,50.91432189941406,256.7900085449219,150.60726928710938,138.408203125
2023-06-15,183.95730590820312,342.20751953125,280.29229736328125,42.624366760253906,124.23314666748047,135.58261108398438,127.11000061035156,222.420166015625,51.193450927734375,255.89999389648438,152.630126953125,140.32713317871094
2023-06-16,182.87930297851562,336.53515625,279.4668273925781,42.663333892822266,122.68384552001953,135.74371337890625,125.48999786376953,225.11476135253906,50.47940444946289,260.5400085449219,153.0962371826172,141.3574676513672
2023-06-20,182.9683380126953,332.32763671875,282.7786560058594,43.77858352661133,122.25678253173828,135.05198669433594,125.77999877929688,222.71522521972656,50.034751892089844,274.45001220703125,153.00302124023438,140.05299377441406
2023-06-21,181.929931640625,327.9136047363281,280.1033630371094,43.01610565185547,119.72425842285156,134.85304260253906,124.83000183105469,223.48228454589844,50.13212966918945,259.4599914550781,152.7699737548828,141.26296997070312
2023-06-22,184.93637084960938,333.9595642089844,283.3256530761719,42.996116638183594,122.30644989013672,132.2567901611328,130.14999389648438,224.60336303710938,50.55081558227539,264.6099853515625,154.39202880859375,141.7450408935547
2023-06-23,184.61988830566406,329.3489074707031,287.1546325683594,42.1806640625,121.5019760131836,131.56507873535156,129.3300018310547,225.744140625,50.45669174194336,256.6000061035156,154.26148986816406,140.3365936279297
2023-06-26,183.2254638671875,323.03765869140625,276.95062255859375,40.60472869873047,117.52937316894531,131.8872528076172,127.33000183105469,222.5480499267578,50.32361602783203,241.0500030517578,152.53692626953125,140.4783935546875
2023-06-27,185.9846954345703,328.9065246582031,285.4837646484375,41.84788513183594,117.51945495605469,131.89671325683594,129.17999267578125,223.57080078125,50.14186477661133,250.2100067138672,152.21995544433594,141.8112335205078
2023-06-28,187.1615447998047,330.1649169921875,283.7333984375,41.089393615722656,119.35677337646484,131.3187255859375,129.0399932861328,224.18051147460938,50.41450119018555,256.239990234375,151.912353515625,141.7828826904297
2023-06-29,187.497802734375,329.37841796875,279.9939270019531,40.794593811035156,118.2841796875,135.90478515625,127.9000015258789,230.43507385253906,50.073699951171875,257.5,152.97506713867188,141.20623779296875
2023-06-30,191.82945251464844,334.77545166015625,285.4142150878906,42.27360153198242,118.88005828857422,137.80931091308594,130.36000061035156,233.5426483154297,51.01493453979492,261.7699890136719,154.29879760742188,143.43711853027344
2023-07-03,190.33612060546875,332.2686462402344,284.4594421386719,42.384517669677734,119.07869720458984,138.9179229736328,130.22000122070312,234.0245361328125,51.34599304199219,279.82000732421875,152.27590942382812,144.15554809570312
2023-07-05,189.21861267089844,332.4259338378906,292.7638854980469,42.28858947753906,120.91603088378906,137.99252319335938,130.3800048828125,235.48001098632812,51.31678771972656,282.4800109863281,151.7725372314453,143.90975952148438
2023-07-06,189.6932830810547,335.4931945800781,290.3968505859375,42.07473373413086,119.28726196289062,136.62823486328125,128.36000061035156,234.91944885253906,50.99222183227539,276.5400085449219,150.64456176757812,143.67343139648438
2023-07-07,188.57577514648438,331.5116271972656,288.94482421875,42.47446060180664,118.66157531738281,137.706298828125,129.77999877929688,232.5297393798828,49.817298889160156,274.42999267578125,148.453857421875,140.6580047607422
2023-07-10,186.5286102294922,326.2128601074219,292.4953918457031,42.15168380737305,115.65232849121094,138.4790802001953,127.12999725341797,234.2113800048828,50.26844024658203,269.6099853515625,148.6962432861328,140.71469116210938
2023-07-11,186.00445556640625,326.8420715332031,296.6625061035156,42.376529693603516,116.33761596679688,140.64474487304688,128.77999877929688,236.56175231933594,50.193790435791016,269.7900085449219,147.8759002685547,139.9773712158203
2023-07-12,187.67581176757812,331.49200439453125,307.6522216796875,43.872520446777344,118.11534881591797,141.34120178222656,130.8000030517578,238.19424438476562,50.32036590576172,271.989990234375,147.36317443847656,140.7052459716797
2023-07-13,188.43731689453125,336.8595886230469,311.699951171875,45.946136474609375,123.68692016601562,142.02810668945312,134.3000030517578,239.2760009765625,50.02501678466797,277.8999938964844,148.04367065429688,140.79974365234375
2023-07-14,188.58566284179688,339.3958740234375,307.18475341796875,45.4384765625,124.5608901977539,142.88674926757812,134.67999267578125,239.1284942626953,50.19703674316406,281.3800048828125,149.03182983398438,141.839599609375
2023-07-17,191.84927368164062,339.87762451171875,308.9251708984375,46.42980194091797,123.79617309570312,146.3308563232422,133.55999755859375,239.9447479248047,50.25870132446289,290.3800048828125,148.28607177734375,140.8376007080078
2023-07-18,191.5920867919922,353.4046630859375,310.3473815917969,47.46211242675781,122.9122543334961,146.5979766845703,132.8300018310547,236.7781219482422,50.16783142089844,293.3399963378906,148.2767333984375,141.1022491455078
2023-07-19,192.94700622558594,349.0693664550781,314.28582763671875,47.045387268066406,121.19410705566406,147.16085815429688,135.36000061035156,237.41734313964844,50.18405532836914,291.260009765625,147.97842407226562,142.0664520263672
2023-07-20,190.99871826171875,340.9983215332031,300.86944580078125,45.489437103271484,118.38348388671875,148.97349548339844,129.9600067138672,235.64718627929688,51.1123046875,262.8999938964844,156.96490478515625,143.21839904785156
2023-07-21,189.82188415527344,337.9507751464844,292.654541015625,44.27924728393555,119.19786834716797,147.82864379882812,130.0,235.28330993652344,51.40116500854492,260.0199890136719,158.6521759033203,145.4728240966797
2023-07-24,190.62294006347656,339.26812744140625,290.0188903808594,44.58205032348633,120.69754028320312,150.73849487304688,128.8000030517578,236.74864196777344,51.7030143737793,269.05999755859375,159.4818572998047,145.93893432617188
2023-07-25,191.4833221435547,345.03875732421875,292.86334228515625,45.64833068847656,121.37287139892578,149.6127471923828,129.1300048828125,234.7326202392578,51.66082000732422,265.2799987792969,160.7030487060547,146.28138732910156
2023-07-26,192.3536376953125,332.0523376464844,296.94097900390625,45.42148971557617,128.38453674316406,150.50953674316406,128.14999389648438,233.1689910888672,51.84581756591797,264.3500061035156,161.0106658935547,146.43359375
2023-07-27,191.08773803710938,325.1217041015625,310.0092468261719,45.86918640136719,128.51361083984375,148.84950256347656,128.25,230.55307006835938,51.65757369995117,255.7100067138672,161.9149169921875,144.6927947998047
2023-07-28,193.6689453125,332.6421813964844,323.70416259765625,46.71861267089844,131.67184448242188,149.69862365722656,132.2100067138672,231.84133911132812,51.90099334716797,266.44000244140625,162.65138244628906,148.7831268310547
2023-07-31,194.28208923339844,330.2336730957031,316.8616943359375,46.69762420654297,131.81089782714844,150.70034790039062,133.67999267578125,233.78851318359375,51.88477325439453,267.42999267578125,156.17251586914062,148.6785125732422
2023-08-01,193.45135498046875,330.64654541015625,320.94921875,46.47577667236328,130.64889526367188,149.9561767578125,131.69000244140625,235.80455017089844,51.6413459777832,261.07000732421875,157.44032287597656,148.6309356689453
2023-08-02,190.45481872558594,321.95623779296875,312.59503173828125,44.239280700683594,127.5006103515625,148.2579803466797,128.2100067138672,233.62135314941406,51.67705154418945,254.11000061035156,158.3911895751953,148.95436096191406
2023-08-03,189.06033325195312,321.1304626464844,311.481201171875,44.485111236572266,127.57012176513672,149.1643524169922,128.91000366210938,234.80145263671875,51.690032958984375,259.32000732421875,159.07168579101562,149.34437561035156
2023-08-04,179.98165893554688,322.2314758300781,309.0346374511719,44.650001525878906,127.23246002197266,148.84950256347656,139.57000732421875,235.0276641845703,51.39142990112305,253.86000061035156,157.5801544189453,147.708251953125
2023-08-07,176.8763427734375,324.5220031738281,314.8327941894531,45.386505126953125,130.62904357910156,149.55548095703125,142.22000122070312,237.50584411621094,52.08924102783203,251.4499969482422,161.3649444580078,149.26824951171875
2023-08-08,177.8158416748047,320.53076171875,310.9342041015625,44.6340217590332,130.49990844726562,148.7159423828125,139.94000244140625,235.32264709472656,52.14117431640625,249.6999969482422,161.4394989013672,149.4299774169922
2023-08-09,176.22360229492188,316.7754821777344,303.5447692871094,42.525428771972656,128.7718505859375,146.72198486328125,137.85000610351562,235.78485107421875,52.22555923461914,242.19000244140625,161.3369598388672,149.23973083496094
2023-08-10,176.00601196289062,317.4635009765625,304.07183837890625,42.35954666137695,128.8016357421875,146.50254821777344,138.55999755859375,236.62234497070312,52.19950485229492,245.33999633789062,160.49795532226562,148.4977569580078
2023-08-11,176.06541442871094,315.5760803222656,299.9942321777344,40.827571868896484,128.6725311279297,147.35166931152344,138.41000366210938,236.50411987304688,52.505680084228516,242.64999389648438,162.0640869140625,149.36341857910156
2023-08-14,177.71925354003906,318.5548095703125,304.5194091796875,43.7236213684082,130.430419921875,147.65696716308594,140.57000732421875,239.32196044921875,52.11481475830078,239.75999450683594,161.68185424804688,148.19334411621094
2023-08-15,175.72872924804688,316.41168212890625,300.30255126953125,43.91049575805664,128.89102172851562,143.8980255126953,137.6699981689453,236.29722595214844,51.84773254394531,232.9600067138672,161.2157745361328,147.2421417236328
2023-08-16,174.85728454589844,315.6432800292969,292.6843566894531,43.45680236816406,127.81842041015625,143.28744506835938,135.07000732421875,235.76515197753906,51.873783111572266,225.60000610351562,160.7030487060547,145.73919677734375
2023-08-17,172.3122100830078,312.1755676269531,283.5345458984375,43.31489944458008,129.03005981445312,141.79913330078125,133.97999572753906,233.87344360351562,50.710975646972656,219.22000122070312,162.21322631835938,144.6927947998047
2023-08-18,172.7974395751953,311.7814636230469,281.7045593261719,43.269927978515625,126.5869140625,142.12351989746094,133.22000122070312,234.66163635253906,51.440582275390625,215.49000549316406,160.79629516601562,145.1018524169922
2023-08-21,174.1343536376953,317.101318359375,288.3182678222656,46.935462951660156,127.49066925048828,142.61007690429688,134.67999267578125,235.9326629638672,51.30377960205078,231.27999877929688,156.00473022460938,144.36941528320312
2023-08-22,175.51089477539062,317.6726989746094,286.03076171875,45.63733673095703,128.19583129882812,139.65252685546875,134.25,237.0263214111328,51.14092254638672,233.19000244140625,154.764892578125,144.4264678955078
2023-08-23,179.36314392089844,322.1452941894531,292.6345520019531,47.084373474121094,131.46328735351562,140.59703063964844,135.52000427246094,238.73080444335938,51.49595260620117,236.86000061035156,153.3759002685547,145.77719116210938
2023-08-24,174.6691131591797,315.21966552734375,285.18548583984375,47.1313362121582,128.89102172851562,140.46347045898438,131.83999633789062,235.94252014160156,51.101829528808594,230.0399932861328,153.89796447753906,145.1018524169922
2023-08-25,176.87750244140625,318.1849670410156,283.9422607421875,45.98711013793945,128.99032592773438,140.291748046875,133.25999450683594,238.99685668945312,51.404754638671875,238.58999633789062,156.10455322265625,146.05307006835938
2023-08-28,178.4421844482422,318.8942565917969,288.67626953125,46.803558349609375,130.1125946044922,140.7783203125,133.13999938964844,240.23828125,51.69790267944336,238.82000732421875,154.26412963867188,146.28138732910156
2023-08-29,182.3340606689453,323.5343322753906,296.3641052246094,48.75124740600586,133.64822387695312,141.9231414794922,134.91000366210938,241.72605895996094,52.131103515625,257.17999267578125,154.28292846679688,146.36697387695312
2023-08-30,185.82980346679688,323.9087219238281,293.4898376464844,49.230926513671875,134.94924926757812,141.35073852539062,135.07000732421875,242.6029510498047,52.505680084228516,256.8999938964844,153.73829650878906,146.52870178222656
2023-08-31,186.0476531982422,322.89404296875,294.275634765625,49.321868896484375,135.23724365234375,139.6048583984375,138.00999450683594,242.06101989746094,52.964942932128906,258.0799865722656,151.81341552734375,146.81407165527344
2023-09-01,187.6222381591797,323.7806396484375,294.7629089355469,48.4764289855957,134.7307586669922,140.07232666015625,138.1199951171875,244.4552459716797,52.626197814941406,245.00999450683594,150.68663024902344,146.9757843017578
2023-09-05,187.85992431640625,328.5980529785156,298.5123596191406,48.51540756225586,134.83999633789062,138.52676391601562,137.27000427246094,241.72605895996094,52.2027587890625,256.489990234375,150.87442016601562,145.0067138671875
2023-09-06,181.13580322265625,327.9380187988281,297.5376892089844,47.03327560424805,133.53897094726562,138.2978057861328,135.36000061035156,242.53396606445312,52.5936279296875,251.9199981689453,148.36737060546875,144.7213592529297
2023-09-07,175.83766174316406,325.0120849609375,297.0404357910156,46.21376037597656,134.33346557617188,137.1147918701172,137.85000610351562,243.49952697753906,53.245059967041016,251.49000549316406,150.26409912109375,146.1006622314453
2023-09-08,176.45167541503906,329.3073425292969,296.2646789550781,45.54515838623047,135.44583129882812,137.21974182128906,138.22999572753906,243.64732360839844,53.342777252197266,248.5,150.76177978515625,145.4728240966797
2023-09-11,177.62020874023438,332.9228210449219,305.8819274902344,45.15138626098633,135.9821014404297,137.82081604003906,143.10000610351562,243.57835388183594,53.52843475341797,273.5799865722656,152.73362731933594,147.20408630371094
2023-09-12,174.58990478515625,326.8444519042969,300.01409912109375,44.84356689453125,134.4129180908203,139.6143798828125,141.22999572753906,243.6571807861328,53.58706283569336,267.4800109863281,153.5974578857422,144.61669921875
2023-09-13,172.5201873779297,331.0707702636719,303.3955993652344,45.45820999145508,135.77359008789062,139.68116760253906,144.85000610351562,244.17938232421875,53.6000862121582,271.29998779296875,153.9824676513672,145.62501525878906
2023-09-14,174.0353546142578,333.6716003417969,310.0191955566406,45.55414581298828,137.154052734375,142.390625,144.72000122070312,237.94261169433594,53.824832916259766,276.0400085449219,153.74769592285156,147.22311401367188
2023-09-15,173.31240844726562,325.3174743652344,298.6714782714844,43.87413787841797,136.4588165283203,141.97085571289062,140.38999938964844,237.51895141601562,53.62614440917969,274.3900146484375,151.5974578857422,145.98651123046875
2023-09-18,176.2436981201172,324.1746826171875,300.8992614746094,43.94009780883789,137.26329040527344,142.26658630371094,139.97999572753906,241.05604553222656,53.22877502441406,265.2799987792969,152.55519104003906,146.53822326660156
2023-09-19,177.33303833007812,323.770751953125,303.4054870605469,43.494361877441406,137.09442138671875,142.0853271484375,137.6300048828125,239.9722442626953,53.21574401855469,266.5,152.3016815185547,146.11016845703125
2023-09-20,173.78773498535156,316.00775146484375,298.03497314453125,42.21411895751953,132.8238983154297,141.48431396484375,135.2899932861328,238.29730224609375,53.38837432861328,262.5899963378906,152.96835327148438,145.98651123046875
2023-09-21,172.2428741455078,314.7861633300781,294.1164855957031,40.99283981323242,129.5465087890625,140.37762451171875,129.3300018310547,233.12464904785156,52.740196228027344,255.6999969482422,151.79464721679688,144.7213592529297
2023-09-22,173.0945587158203,312.3036193847656,297.4481506347656,41.585487365722656,129.35780334472656,139.0324249267578,129.1199951171875,231.61717224121094,52.88025665283203,244.8800048828125,150.7054443359375,144.18865966796875
2023-09-25,174.37203979492188,312.8257141113281,299.1886291503906,42.1971321105957,130.2119140625,139.7193145751953,131.27000427246094,229.9225311279297,53.11477279663086,246.99000549316406,150.48007202148438,143.31353759765625
2023-09-26,170.29200744628906,307.50592041015625,297.32879638671875,41.886314392089844,127.68931579589844,138.26918029785156,125.9800033569336,226.26715087890625,52.92911148071289,244.1199951171875,149.31573486328125,142.03887939453125
2023-09-27,168.77684020996094,308.1462707519531,296.1155090332031,42.44297790527344,129.64581298828125,139.08010864257812,125.9800033569336,226.11936950683594,52.675052642822266,240.5,147.52230834960938,140.15542602539062
2023-09-28,169.03431701660156,308.983642578125,302.3015441894531,43.063621520996094,131.4036865234375,140.80691528320312,125.9800033569336,228.24755859375,52.942142486572266,246.3800048828125,147.3063507080078,139.20416259765625
2023-09-29,169.5492706298828,311.0622863769531,298.572021484375,43.47338104248047,129.963623046875,138.3550567626953,127.12000274658203,226.6218719482422,52.092018127441406,250.22000122070312,146.24530029296875,138.74757385253906
2023-10-02,172.0646514892578,317.0224304199219,305.1459655761719,44.75562286376953,133.25096130371094,137.16249084472656,129.4600067138672,227.86331176757812,52.14738845825195,251.60000610351562,145.6819305419922,138.11024475097656
2023-10-03,170.72772216796875,308.7373352050781,299.2980041503906,43.491363525390625,131.5228729248047,136.15122985839844,124.72000122070312,225.43951416015625,51.81841278076172,246.52999877929688,145.86032104492188,138.3956298828125
2023-10-04,171.97549438476562,314.2246398925781,303.9127197265625,44.01505661010742,134.31362915039062,136.7617950439453,127.0,227.81405639648438,52.44053268432617,261.1600036621094,146.02932739257812,138.8522186279297
2023-10-05,173.21340942382812,314.61865234375,303.1270446777344,44.66167449951172,134.14480590820312,137.33843994140625,125.95999908447266,230.04074096679688,51.81515884399414,260.04998779296875,147.55047607421875,136.7880401611328
2023-10-06,175.7683868408203,322.40142822265625,313.7089538574219,45.735042572021484,136.63760375976562,139.45285034179688,127.95999908447266,231.5777587890625,50.94548797607422,260.5299987792969,148.0199432373047,137.0638885498047
2023-10-09,177.25381469726562,324.9234313964844,316.62298583984375,45.246334075927734,137.47183227539062,139.13568115234375,128.25999450683594,230.9866180419922,50.75983428955078,259.6700134277344,148.86505126953125,136.36947631835938
2023-10-10,176.6596221923828,323.5146179199219,320.0840148925781,45.771018981933594,137.11431884765625,139.98143005371094,129.47999572753906,233.11477661132812,51.33309555053711,263.6199951171875,148.69601440429688,137.72024536132812
2023-10-11,178.0559539794922,327.48486328125,326.0314025878906,46.77842712402344,139.58724975585938,140.4619598388672,131.8300018310547,232.20834350585938,51.53829574584961,262.989990234375,146.64906311035156,136.02703857421875
2023-10-12,178.9571533203125,326.2435302734375,322.39129638671875,46.91735076904297,138.01808166503906,140.1352081298828,132.3300018310547,233.29214477539062,51.7728157043457,258.8699951171875,146.7899169921875,136.33143615722656
2023-10-13,177.11517333984375,322.8644714355469,312.9730224609375,45.43421936035156,136.41909790039062,142.2399444580078,129.7899932861328,234.1690216064453,52.0594482421875,251.1199951171875,147.27816772460938,137.6346435546875
2023-10-16,176.98641967773438,327.7015380859375,319.39776611328125,46.06785202026367,138.14720153808594,142.09579467773438,132.5500030517578,236.53370666503906,52.508934020996094,253.9199981689453,147.9166717529297,138.94737243652344
2023-10-17,175.43165588378906,327.1301574707031,322.2322082519531,43.91211700439453,138.76295471191406,141.7882537841797,131.47000122070312,237.64703369140625,52.577335357666016,254.85000610351562,146.56454467773438,139.1280517578125
2023-10-18,174.1343536376953,325.2091369628906,315.24053955078125,42.171142578125,137.01499938964844,140.2313232421875,128.1300048828125,233.97198486328125,52.61642074584961,242.67999267578125,143.4095916748047,142.71424865722656
2023-10-19,173.758056640625,326.4011535644531,311.103271484375,42.076202392578125,136.80642700195312,139.63540649414062,128.39999389648438,230.36587524414062,52.365623474121094,220.11000061035156,143.0246124267578,141.91111755371094
2023-10-20,171.2030792236328,321.8201904296875,306.96600341796875,41.36262130737305,134.67115783691406,137.38650512695312,125.16999816894531,229.94223022460938,51.71092987060547,211.99000549316406,143.6631317138672,141.71966552734375
2023-10-23,171.32191467285156,324.43084716796875,312.2967224121094,42.94968795776367,135.56500244140625,135.5124053955078,126.55999755859375,228.11949157714844,52.44378662109375,212.0800018310547,142.15138244628906,141.8153839111328
2023-10-24,171.75765991210938,325.62286376953125,310.84466552734375,43.63727951049805,137.85916137695312,135.67576599121094,128.55999755859375,231.19349670410156,53.173404693603516,216.52000427246094,142.00112915039062,143.4905548095703
2023-10-25,169.44033813476562,335.6123962402344,297.8957214355469,41.754390716552734,124.74959564208984,134.93572998046875,121.38999938964844,233.36109924316406,53.01380157470703,212.4199981689453,142.3203887939453,144.16062927246094
2023-10-26,165.2711639404297,323.0221252441406,286.7767028808594,40.30224609375,121.44239044189453,135.28173828125,119.56999969482422,227.87315368652344,52.69133758544922,205.75999450683594,139.90719604492188,143.3948516845703
2023-10-27,166.5883026123047,324.91357421875,295.11102294921875,40.47614288330078,121.3331527709961,130.40907287597656,127.73999786376953,225.8927764892578,52.495906829833984,207.3000030517578,136.71470642089844,140.8677215576172
2023-10-30,168.63819885253906,332.30224609375,301.0086975097656,41.13675308227539,123.60747528076172,132.0717315673828,132.7100067138672,229.64663696289062,53.098487854003906,197.36000061035156,138.05746459960938,142.87791442871094
2023-10-31,169.11355590820312,333.09033203125,299.6262512207031,40.755977630615234,123.2300796508789,133.6479034423828,133.08999633789062,231.6368865966797,53.225521087646484,200.83999633789062,139.2874755859375,143.614990234375
2023-11-01,172.28250122070312,340.9321594238281,310.14849853515625,42.30007553100586,125.5838394165039,133.5325927734375,137.0,235.0656280517578,53.70106506347656,205.66000366210938,139.6161346435547,143.2129669189453
2023-11-02,175.84759521484375,343.1487731933594,309.1738586425781,43.48037338256836,126.61671447753906,135.9160614013672,138.07000732421875,239.6668243408203,53.91278076171875,218.50999450683594,141.07154846191406,144.96470642089844
2023-11-03,174.93650817871094,347.5622863769531,312.8835144042969,44.978492736816406,128.21568298339844,137.43453979492188,138.60000610351562,240.0116729736328,53.63265609741211,219.9600067138672,142.1044158935547,143.6533203125
2023-11-06,177.4915008544922,351.23687744140625,314.0769348144531,45.72404479980469,129.35780334472656,138.4725341796875,139.74000549316406,239.9033203125,53.704322814941406,219.27000427246094,142.4424591064453,144.48611450195312
2023-11-07,180.05636596679688,355.1775207519531,317.0804748535156,45.92793273925781,130.07289123535156,138.40524291992188,142.7100067138672,241.1644287109375,53.95512008666992,222.17999267578125,141.69126892089844,144.15106201171875
2023-11-08,181.11598205566406,357.80780029296875,318.0352478027344,46.54656982421875,130.9368896484375,139.0876007080078,142.0800018310547,240.82875061035156,53.515403747558594,222.11000061035156,141.17481994628906,143.59585571289062
2023-11-09,180.64064025878906,355.33514404296875,318.801025390625,46.92234420776367,129.34786987304688,138.67434692382812,140.60000610351562,238.58741760253906,53.391632080078125,209.97999572753906,138.4236602783203,143.9213104248047
2023-11-10,184.83514404296875,364.18182373046875,326.9761962890625,48.3065299987793,131.6817626953125,140.73106384277344,143.55999755859375,242.15179443359375,54.131011962890625,214.64999389648438,138.26402282714844,144.93600463867188
2023-11-13,183.24855041503906,361.2361755371094,327.3938903808594,48.59135818481445,131.18521118164062,140.10635375976562,142.58999633789062,241.57913208007812,54.6163330078125,223.7100067138672,138.62083435058594,145.94110107421875
2023-11-14,185.86642456054688,364.77288818359375,334.47503662109375,49.626747131347656,132.70472717285156,142.662841796875,145.8000030517578,243.82044982910156,54.6065559387207,237.41000366210938,138.64898681640625,145.61563110351562
2023-11-15,186.4315948486328,364.9209289550781,330.89471435546875,48.85920333862305,133.69786071777344,143.9122314453125,143.1999969482422,244.97567749023438,55.30033493041992,242.83999633789062,139.7194366455078,144.94557189941406
2023-11-16,188.11734008789062,371.33746337890625,332.3666687011719,49.45085525512695,135.99203491210938,145.5556640625,142.8300018310547,245.4298553466797,50.82497024536133,233.58999633789062,140.94007873535156,146.29530334472656
2023-11-17,188.0974884033203,365.0986633300781,333.21197509765625,49.26896286010742,134.38314819335938,146.87240600585938,145.17999267578125,246.40736389160156,50.60022735595703,234.3000030517578,140.6490020751953,144.61053466796875
2023-11-20,189.84271240234375,372.5911560058594,338.1150817871094,50.37930679321289,135.31671142578125,147.32408142089844,146.1300048828125,246.81219482421875,50.58394241333008,235.60000610351562,141.88893127441406,143.84474182128906
2023-11-21,189.03952026367188,368.27728271484375,335.14141845703125,49.91457748413086,136.03176879882812,147.0165557861328,143.89999389648438,249.0436248779297,50.76634979248047,241.1999969482422,143.0341796875,143.2129669189453
2023-11-22,189.7039031982422,372.99591064453125,339.6268005371094,48.68730545043945,137.54136657714844,147.36251831054688,146.7100067138672,250.51480102539062,50.378746032714844,234.2100067138672,142.75022888183594,144.5626678466797
2023-11-24,188.37515258789062,372.5812683105469,336.38458251953125,47.747859954833984,135.75367736816406,147.56434631347656,146.74000549316406,251.08749389648438,50.83148956298828,235.4499969482422,144.34034729003906,144.90728759765625
2023-11-27,188.19667053222656,373.7461242675781,332.8738708496094,48.213584899902344,135.47561645507812,147.2279510498047,147.72999572753906,250.9294891357422,51.06275177001953,236.0800018310547,143.1856231689453,144.77328491210938
2023-11-28,188.80152893066406,377.7835998535156,337.14044189453125,47.79283142089844,136.26019287109375,147.56434631347656,147.02999877929688,249.7446746826172,51.67184066772461,246.72000122070312,143.51687622070312,145.7783660888672
2023-11-29,187.7801971435547,373.9830322265625,330.3874816894531,48.11164855957031,134.06536865234375,148.3140106201172,146.32000732421875,251.0183563232422,50.83800506591797,244.13999938964844,143.97120666503906,144.66799926757812
2023-11-30,188.35531616210938,374.0422668457031,325.3650207519531,46.742454528808594,131.6221923828125,150.00547790527344,146.08999633789062,253.43743896484375,50.710975646972656,240.0800018310547,146.38475036621094,146.95578002929688
2023-12-01,189.63449096679688,369.6988220214844,323.0477600097656,46.737457275390625,130.95677185058594,150.7359161376953,147.02999877929688,253.21034240722656,50.27125549316406,238.8300018310547,149.90573120117188,146.13255310058594
2023-12-04,187.83966064453125,364.3977966308594,318.2738952636719,45.48318862915039,128.38453674316406,151.84117126464844,144.83999633789062,251.2257080078125,50.25822830200195,235.5800018310547,150.37896728515625,145.55821228027344
2023-12-05,191.7961883544922,367.7343444824219,316.5533447265625,46.54266357421875,130.09275817871094,151.82191467285156,146.8800048828125,251.39356994628906,50.724002838134766,238.72000122070312,150.06663513183594,140.48483276367188
2023-12-06,190.7054443359375,364.0621337890625,315.7179260253906,45.48019027709961,129.12937927246094,150.22654724121094,144.52000427246094,251.0775909423828,50.17354202270508,239.3699951171875,148.23988342285156,140.3795166015625
2023-12-07,192.63905334472656,366.18450927734375,324.8080139160156,46.57264709472656,135.99203491210938,150.68785095214844,146.8800048828125,252.5883026123047,49.84333801269531,242.63999938964844,147.0851593017578,140.23593139648438
2023-12-08,194.06695556640625,369.4223937988281,330.9344482421875,47.4821891784668,134.06536865234375,152.35052490234375,147.4199981689453,252.50929260253906,49.32025909423828,243.83999633789062,146.15760803222656,138.9436492919922
2023-12-11,191.55819702148438,366.530029296875,323.5052490234375,46.60363006591797,132.37698364257812,152.90797424316406,145.88999938964844,253.27940368652344,49.444488525390625,239.74000549316406,146.76333618164062,139.58502197265625
2023-12-12,193.07537841796875,369.57049560546875,332.3964538574219,47.633121490478516,131.61227416992188,154.27272033691406,147.47999572753906,256.281005859375,49.48371887207031,237.00999450683594,146.7728271484375,139.6998748779297
2023-12-13,196.29808044433594,369.5605773925781,332.91357421875,48.06390380859375,131.6619415283203,154.7917022705078,148.83999633789062,259.0654296875,50.363155364990234,239.2899932861328,147.4542999267578,142.22702026367188
2023-12-14,196.4468231201172,361.22900390625,331.3521728515625,48.32576370239258,131.03622436523438,157.60763549804688,147.4199981689453,255.46151733398438,49.748538970947266,251.0500030517578,148.47650146484375,138.474609375
2023-12-15,195.911376953125,365.9673156738281,333.0926513671875,48.86549758911133,131.69171142578125,158.79937744140625,149.97000122070312,254.77032470703125,49.93488311767578,253.5,146.85801696777344,137.8045654296875
2023-12-18,194.24545288085938,367.8626708984375,342.7397155761719,50.05189895629883,134.8697967529297,159.7604522705078,154.07000732421875,255.1060791015625,50.6639289855957,252.0800018310547,147.12303161621094,139.9200439453125
2023-12-19,195.28663635253906,368.4648132324219,348.4483337402344,49.57913589477539,135.7139434814453,161.8940887451172,153.7899932861328,256.70562744140625,50.84700393676758,257.2200012207031,148.08847045898438,139.9200439453125
2023-12-20,193.19436645507812,365.8587646484375,347.374267578125,48.08687973022461,137.39239501953125,160.06800842285156,152.1199951171875,253.86196899414062,50.25199890136719,247.13999938964844,145.06915283203125,137.75668334960938
2023-12-21,193.04559326171875,368.74127197265625,352.15802001953125,48.9654541015625,139.45814514160156,160.9810333251953,153.83999633789062,256.26129150390625,50.60834884643555,254.5,146.5551300048828,138.09173583984375
2023-12-22,191.97467041015625,369.76788330078125,351.4618835449219,48.80552673339844,140.52081298828125,160.8849334716797,153.4199981689453,255.165283203125,51.213165283203125,252.5399932861328,147.1419677734375,139.068115234375
2023-12-26,191.42930603027344,369.84686279296875,352.8940124511719,49.25429916381836,140.5506134033203,161.8363800048828,153.41000366210938,255.88604736328125,51.13470458984375,256.6099853515625,147.78558349609375,139.6998748779297
2023-12-27,191.5284423828125,369.2644348144531,355.87762451171875,49.39223098754883,139.40847778320312,162.80709838867188,153.33999633789062,255.6589813232422,51.61528778076172,261.44000244140625,147.98434448242188,139.81475830078125
2023-12-28,191.95486450195312,370.4588928222656,356.364990234375,49.4971809387207,139.26942443847656,163.67205810546875,153.3800048828125,257.11041259765625,51.51394271850586,253.17999267578125,148.20205688476562,139.4988555908203
2023-12-29,190.91366577148438,371.2091369628906,352.02874755859375,49.4971809387207,138.73313903808594,163.4798583984375,151.94000244140625,257.0610656738281,51.540096282958984,248.47999572753906,148.3534698486328,140.27423095703125
2024-01-02,184.0814971923828,366.10552978515625,344.40057373046875,48.143856048583984,137.2235565185547,165.38279724121094,149.92999267578125,255.59974670410156,52.07625961303711,248.4199981689453,151.41064453125,142.3801727294922
2024-01-03,182.70315551757812,365.8390197753906,342.59051513671875,47.54515838623047,137.96841430664062,164.6619873046875,148.47000122070312,254.72097778320312,52.079524993896484,238.4499969482422,152.35714721679688,141.51861572265625
2024-01-04,180.38282775878906,363.21319580078125,345.2260437011719,47.97394561767578,135.45574951171875,165.75469970703125,144.57000732421875,256.33038330078125,51.57605743408203,237.92999267578125,152.0353546142578,142.29400634765625
2024-01-05,179.658935546875,363.025634765625,350.02972412109375,49.072391510009766,134.80027770996094,166.58633422851562,145.24000549316406,256.4093933105469,51.232784271240234,237.49000549316406,152.50857543945312,141.11660766601562
2024-01-08,184.00216674804688,369.87646484375,356.703125,52.22681427001953,137.8889617919922,166.34457397460938,149.10000610351562,259.223388671875,51.73625183105469,240.4499969482422,152.88719177246094,142.33230590820312
2024-01-09,183.585693359375,370.96234130859375,355.4797668457031,53.113372802734375,139.9844970703125,165.02943420410156,151.3699951171875,260.00335693359375,52.08279800415039,234.9600067138672,152.98182678222656,142.91622924804688
2024-01-10,184.6269073486328,377.8526306152344,368.44866943359375,54.3227653503418,141.30538940429688,165.3775634765625,153.72999572753906,261.21783447265625,52.730106353759766,233.94000244140625,153.208984375,143.52886962890625
2024-01-11,184.03192138671875,379.6887512207031,367.6530456542969,54.794525146484375,141.10678100585938,164.6813201904297,155.17999267578125,260.6945495605469,52.671260833740234,227.22000122070312,152.52748107910156,144.074462890625
2024-01-12,184.35914611816406,383.4794616699219,372.44671630859375,54.68257522583008,141.6728515625,163.4725799560547,154.6199951171875,260.83282470703125,52.73992156982422,218.88999938964844,153.70115661621094,144.16062927246094
2024-01-16,182.08837890625,385.25628662109375,365.455078125,56.35374450683594,141.5139617919922,162.44754028320312,153.16000366210938,261.8892517089844,52.90665054321289,219.91000366210938,151.93121337890625,143.38526916503906
2024-01-17,181.14634704589844,384.46661376953125,366.36016845703125,56.0249137878418,140.50096130371094,161.5772247314453,151.7100067138672,263.2616882324219,52.65818786621094,215.5500030517578,151.8460235595703,143.52886962890625
2024-01-18,187.04640197753906,388.8100891113281,374.0777893066406,57.07838439941406,142.49717712402344,161.89633178710938,153.5,264.752685546875,53.367618560791016,211.8800048828125,152.58432006835938,142.70138549804688
2024-01-19,189.95181274414062,393.5484619140625,381.3578796386719,59.461185455322266,145.3773193359375,164.69097900390625,155.33999633789062,267.477783203125,53.08646011352539,212.19000244140625,153.02914428710938,142.15231323242188
2024-01-22,192.2622528076172,391.41619873046875,379.6969909667969,59.62409973144531,144.989990234375,164.4976043701172,154.77999877929688,267.7740173339844,53.08972930908203,208.8000030517578,153.77687072753906,142.43165588378906
2024-01-23,193.54139709472656,393.77545166015625,383.0983581542969,59.842994689941406,146.03280639648438,163.41453552246094,156.02000427246094,267.83319091796875,53.22377014160156,209.13999938964844,151.2592010498047,148.3269805908203
2024-01-24,192.8671417236328,397.3883972167969,388.56829833984375,61.331241607666016,147.68142700195312,164.87474060058594,156.8699951171875,268.2182922363281,52.47184371948242,207.8300018310547,150.4547119140625,146.53526306152344
2024-01-25,192.53988647460938,399.6687927246094,391.03472900390625,61.58612060546875,150.8297119140625,167.23422241210938,157.75,269.1661071777344,53.23685073852539,182.6300048828125,151.0225830078125,149.9067840576172
2024-01-26,190.80455017089844,398.7408142089844,391.9895324707031,61.00041198730469,151.1475372314453,166.5959930419922,159.1199951171875,264.5552062988281,53.7043571472168,183.25,150.96580505371094,150.4076690673828
2024-01-29,190.12037658691406,404.45648193359375,398.8320007324219,62.43369674682617,152.45848083496094,167.0311279296875,161.25999450683594,270.202880859375,53.95608901977539,190.92999267578125,150.83326721191406,150.4269561767578
2024-01-30,186.46136474609375,403.3409729003906,397.8772277832031,62.74253845214844,150.4225311279297,170.45436096191406,159.0,273.6488342285156,54.13589859008789,191.58999633789062,150.27487182617188,151.70814514160156
2024-01-31,182.85189819335938,392.472412109375,388.0113525390625,61.49616622924805,139.14035034179688,168.60736083984375,155.1999969482422,269.8079528808594,54.024742126464844,187.2899932861328,150.39791870117188,151.3709716796875
2024-02-01,185.29124450683594,398.5927429199219,392.6260070800781,62.99541091918945,140.19309997558594,167.99813842773438,159.27999877929688,273.5500793457031,55.025142669677734,188.86000061035156,149.88677978515625,153.33607482910156
2024-02-02,184.28973388671875,405.93719482421875,472.39837646484375,66.12684631347656,141.40472412109375,168.96514892578125,171.80999755859375,273.678466796875,55.437068939208984,187.91000366210938,148.23040771484375,152.2860870361328
2024-02-05,186.1043701171875,400.43878173828125,456.9034118652344,69.29725646972656,142.69581604003906,168.74278259277344,170.30999755859375,272.0986328125,55.13956832885742,181.05999755859375,147.46377563476562,152.4016876220703
2024-02-06,187.71078491210938,400.28076171875,452.2389831542969,68.18881225585938,143.11294555664062,169.32296752929688,169.14999389648438,273.2637634277344,55.51553726196289,185.10000610351562,149.6028594970703,153.1241455078125
2024-02-07,187.8198699951172,408.7308044433594,467.0278625488281,70.0638656616211,144.54307556152344,169.64207458496094,170.52999877929688,275.86053466796875,55.37495040893555,187.5800018310547,149.52713012695312,153.27828979492188
2024-02-08,186.73899841308594,408.7900695800781,467.4356384277344,69.60609436035156,144.91053771972656,169.03285217285156,169.83999633789062,272.8038635253906,55.37168884277344,189.55999755859375,148.03164672851562,152.81590270996094
2024-02-09,187.50352478027344,415.1473083496094,465.5559387207031,72.09685516357422,147.97938537597656,169.2359161376953,174.4499969482422,273.4468688964844,55.342262268066406,193.57000732421875,148.37242126464844,151.6407012939453
2024-02-12,185.8156280517578,409.92529296875,466.3416442871094,72.21178436279297,146.51943969726562,169.9901885986328,172.33999633789062,272.10150146484375,55.67572784423828,188.1300048828125,149.40406799316406,151.34207153320312
2024-02-13,183.7206573486328,401.10015869140625,457.6095275878906,72.09186553955078,144.14581298828125,168.51065063476562,168.63999938964844,272.8335266113281,55.2964973449707,184.02000427246094,148.09791564941406,150.5329132080078
2024-02-14,182.83700561523438,404.9769592285156,470.6977233886719,73.86296844482422,144.94032287597656,170.22227478027344,170.97999572753906,274.5646667480469,55.11995315551758,188.7100067138672,147.406982421875,149.9164276123047
2024-02-15,182.549072265625,402.0792236328125,481.3890686035156,72.62158203125,141.79205322265625,173.93556213378906,169.8000030517578,277.94775390625,55.34552764892578,200.4499969482422,149.47032165527344,151.24574279785156
2024-02-16,181.01014709472656,399.6067810058594,470.73748779296875,72.57660675048828,139.55746459960938,173.123291015625,169.50999450683594,275.55389404296875,55.69534683227539,199.9499969482422,149.29869079589844,151.72740173339844
2024-02-20,180.26548767089844,398.35076904296875,469.17608642578125,69.41720581054688,140.15335083007812,173.80020141601562,167.0800018310547,272.1806640625,57.493446350097656,193.75999450683594,150.5479736328125,152.69065856933594
2024-02-21,181.0200653076172,397.74749755859375,465.9702453613281,67.43818664550781,141.5735626220703,174.9315948486328,168.58999633789062,273.7733154296875,56.78728103637695,194.77000427246094,151.33001708984375,154.5112762451172
2024-02-22,183.0554656982422,407.11309814453125,483.9906005859375,78.49864196777344,143.1029815673828,177.02999877929688,174.5800018310547,280.6878356933594,57.34633255004883,197.41000366210938,153.01803588867188,154.66542053222656
2024-02-23,181.21864318847656,405.81756591796875,481.89984130859375,78.77750396728516,142.97390747070312,177.91966247558594,174.99000549316406,280.5395202636719,57.39536666870117,191.97000122070312,154.34364318847656,155.11814880371094
2024-02-26,179.8683624267578,403.0484619140625,479.6199035644531,79.0523681640625,136.62767028808594,177.31044006347656,174.72999572753906,281.08349609375,58.45460510253906,199.39999389648438,153.34225463867188,154.33790588378906
2024-02-27,181.327880859375,402.9891052246094,484.90655517578125,78.66156005859375,137.92868041992188,177.3974609375,173.5399932861328,280.1141357421875,58.444801330566406,199.72999572753906,153.52346801757812,153.45169067382812
2024-02-28,180.12649536132812,403.2264404296875,481.889892578125,77.62406921386719,135.44583129882812,178.2967987060547,173.16000366210938,282.5475769042969,58.47422790527344,202.0399932861328,154.06707763671875,154.17413330078125
2024-02-29,179.4612579345703,409.0812072753906,487.9729919433594,79.07235717773438,137.51158142089844,179.9213409423828,176.75999450683594,279.58984375,57.483642578125,201.8800048828125,153.90493774414062,153.10488891601562
2024-03-01,178.37904357910156,410.9206848144531,500.0893859863281,82.23776245117188,136.20062255859375,179.17677307128906,178.22000122070312,280.104248046875,57.6307487487793,202.63999938964844,154.61065673828125,153.01820373535156
2024-03-04,173.8515625,410.34710693359375,495.9975280761719,85.19429016113281,132.4365692138672,180.52090454101562,177.5800018310547,277.5025939941406,58.160377502441406,188.13999938964844,152.436279296875,153.70213317871094
2024-03-05,168.90704345703125,398.2123107910156,488.06256103515625,85.9249496459961,131.76123046875,182.32920837402344,174.1199951171875,276.3650207519531,58.88615798950195,180.74000549316406,152.5602569580078,153.47096252441406
2024-03-06,167.91416931152344,397.65850830078125,493.90673828125,88.65969848632812,130.49990844726562,183.27687072753906,173.50999450683594,277.4036560058594,59.405967712402344,176.5399932861328,151.95944213867188,153.71176147460938
2024-03-07,167.7950439453125,404.63079833984375,509.9358825683594,92.62689971923828,133.4595184326172,181.67164611816406,176.82000732421875,275.2571105957031,59.200008392333984,178.64999389648438,151.51119995117188,154.72320556640625
2024-03-08,169.5126953125,401.7429504394531,503.7233581542969,87.48823547363281,134.48245239257812,182.0100860595703,175.35000610351562,277.0179443359375,58.96461868286133,175.33999633789062,152.13113403320312,154.46311950683594
2024-03-11,171.518310546875,400.0616760253906,481.4617614746094,85.73503875732422,136.72698974609375,182.07778930664062,171.9600067138672,277.5323181152344,59.49423599243164,177.77000427246094,153.76190185546875,155.61907958984375
2024-03-12,171.99488830566406,410.7030944824219,497.5506896972656,91.87124633789062,137.55128479003906,183.57664489746094,175.38999938964844,280.8560791015625,60.22982406616211,177.5399932861328,155.2019500732422,155.985107421875
2024-03-13,169.90985107421875,410.5251159667969,493.3890380859375,90.84671020507812,138.83242797851562,185.06582641601562,176.55999755859375,282.0628662109375,60.10232162475586,169.47999572753906,153.63792419433594,156.341552734375
2024-03-14,171.7665252685547,420.5335388183594,489.6654968261719,87.904052734375,142.1197967529297,181.76834106445312,178.75,283.3191833496094,60.0511474609375,162.5,151.83547973632812,155.5709228515625
2024-03-15,171.38922119140625,411.8305358886719,481.9695129394531,87.7970962524414,140.21292114257812,184.02146911621094,174.4199981689453,279.9855041503906,59.71654510498047,163.57000732421875,150.85316467285156,155.455322265625
2024-03-18,172.4813995361328,412.7206115722656,494.7928466796875,88.41481018066406,146.6684112548828,186.3035888671875,174.47999572753906,281.97381591796875,59.89369201660156,173.8000030517578,149.4989471435547,155.29156494140625
2024-03-19,174.82455444335938,416.7655944824219,494.05609130859375,89.35739135742188,146.02285766601562,187.3963165283203,175.89999389648438,284.2490539550781,59.90353012084961,171.32000732421875,148.9744415283203,155.8887939453125
2024-03-20,177.39608764648438,420.5434875488281,503.29522705078125,90.33094024658203,147.7211456298828,189.85250854492188,178.14999389648438,286.1581726074219,60.27750015258789,175.66000366210938,148.54525756835938,156.0429229736328
2024-03-21,170.14813232421875,424.6378479003906,505.525390625,91.39346313476562,146.5889892578125,192.492431640625,178.14999389648438,287.2364196777344,60.47431945800781,172.82000732421875,148.5357208251953,155.91769409179688
2024-03-22,171.0516357421875,424.0147705078125,507.3373718261719,94.24617004394531,149.73724365234375,190.13294982910156,178.8699951171875,280.20318603515625,59.90353012084961,170.8300018310547,148.03981018066406,155.72503662109375
2024-03-25,169.63185119628906,418.19952392578125,500.8062438964844,94.9588394165039,149.04205322265625,188.39234924316406,179.7100067138672,278.1752624511719,59.60829162597656,172.6300048828125,148.03028869628906,154.30902099609375
2024-03-26,168.49996948242188,417.00286865234375,493.70770263671875,92.5189437866211,149.637939453125,189.27230834960938,178.3000030517578,277.57183837890625,59.54924774169922,177.6699981689453,148.55479431152344,154.65576171875
2024-03-27,172.07431030273438,416.7853088378906,491.6865539550781,90.20899963378906,149.8365478515625,192.93728637695312,179.8300018310547,276.0089111328125,59.75591278076172,179.8300018310547,150.64337158203125,156.64016723632812
2024-03-28,170.25733947753906,416.0831604003906,483.4430236816406,90.31495666503906,149.89613342285156,193.69154357910156,180.3800048828125,276.0682373046875,59.21464538574219,175.7899932861328,150.86270141601562,156.29336547851562
2024-04-01,168.8177032470703,419.8907775878906,489.1876220703125,90.32194519042969,154.4249267578125,192.3763885498047,180.97000122070312,275.2768859863281,59.047340393066406,175.22000122070312,150.47171020507812,154.68467712402344
2024-04-02,167.6361846923828,416.7952575683594,495.1811218261719,89.41136169433594,153.5012969970703,192.29905700683594,180.69000244140625,275.4352111816406,58.220680236816406,166.6300048828125,150.4239959716797,154.675048828125
2024-04-03,168.44039916992188,415.816162109375,504.5098571777344,88.92359161376953,153.85882568359375,191.75753784179688,182.41000366210938,273.97113037109375,58.48640060424805,168.3800048828125,147.11473083496094,150.41729736328125
2024-04-04,167.61631774902344,413.2745056152344,508.6715087890625,85.865966796875,149.49888610839844,190.29855346679688,180.0,271.0430908203125,58.55528259277344,171.11000061035156,145.436279296875,149.74301147460938
2024-04-05,168.37091064453125,420.83026123046875,525.0191650390625,87.968017578125,151.45538330078125,192.04931640625,185.07000732421875,274.1492004394531,58.899723052978516,164.89999389648438,145.33135986328125,150.36917114257812
2024-04-08,167.2489776611328,419.9104919433594,516.96484375,87.09341430664062,153.78932189941406,193.0511474609375,185.19000244140625,274.7625427246094,58.830833435058594,172.97999572753906,144.5684051513672,150.3113250732422
2024-04-09,168.46026611328125,421.5819091796875,514.625244140625,85.3152084350586,155.52731323242188,191.7575225830078,185.6699981689453,273.7337341308594,58.84067916870117,176.8800048828125,145.23599243164062,150.90859985351562
2024-04-10,166.58372497558594,418.59521484375,517.5423583984375,86.99945831298828,155.07046508789062,190.12347412109375,185.9499969482422,271.5179138183594,59.65749740600586,171.75999450683594,143.2427978515625,151.46730041503906
2024-04-11,173.79197692871094,423.2137145996094,520.8576049804688,90.5748291015625,158.3180694580078,190.08456420898438,189.0500030517578,272.70489501953125,59.13591384887695,174.60000610351562,141.89810180664062,150.11868286132812
2024-04-12,175.2912139892578,417.2501525878906,509.6471862792969,88.14592742919922,156.64956665039062,177.79031372070312,186.1300048828125,272.9819030761719,59.185123443603516,171.0500030517578,140.6869659423828,149.62745666503906
2024-04-15,171.458740234375,409.0812072753906,498.028564453125,85.96192932128906,153.79922485351562,177.88755798339844,183.6199951171875,268.3524169921875,58.978450775146484,161.47999572753906,140.75369262695312,149.74301147460938
2024-04-16,168.17233276367188,410.01080322265625,497.5605773925781,87.37528228759766,153.34237670898438,175.85475158691406,183.32000732421875,268.42169189453125,58.88987731933594,157.11000061035156,137.75914001464844,150.2246551513672
2024-04-17,166.80215454101562,407.3010559082031,491.9952087402344,83.996826171875,154.40505981445312,175.15443420410156,181.27999877929688,269.7472229003906,58.70289993286133,155.4499969482422,138.06431579589844,151.19760131835938
2024-04-18,165.8489990234375,399.8144226074219,499.59161376953125,84.63253784179688,154.94134521484375,176.2924346923828,179.22000122070312,268.4414367675781,58.319095611572266,149.92999267578125,138.98939514160156,152.49380493164062
2024-04-19,163.8235626220703,394.7212219238281,478.952880859375,76.1653823852539,153.03451538085938,180.7179718017578,174.6300048828125,266.8686218261719,58.584800720214844,147.0500030517578,141.0588836669922,153.31790161132812
2024-04-22,164.65757751464844,396.5409240722656,479.6099548339844,79.48187255859375,155.20950317382812,184.22923278808594,177.22999572753906,269.39111328125,59.185123443603516,142.0500030517578,142.2128143310547,155.64471435546875
2024-04-23,165.70999145507812,403.0780944824219,493.916748046875,82.38555908203125,157.17593383789062,186.8845672607422,179.5399932861328,271.1518859863281,58.15179443359375,144.67999267578125,142.6324462890625,156.57545471191406
2024-04-24,167.81491088867188,404.5516662597656,491.3281555175781,79.64080810546875,158.04000854492188,187.798828125,176.58999633789062,272.0520324707031,58.919403076171875,162.1300048828125,141.650146484375,157.6419219970703
2024-04-25,168.67869567871094,394.6421203613281,439.4375,82.59446716308594,154.93142700195312,188.08090209960938,173.6699981689453,272.1905822753906,59.25401306152344,170.17999267578125,140.0193634033203,157.5934295654297
2024-04-26,168.0928955078125,401.8418884277344,441.3391418457031,87.69515228271484,170.7721710205078,188.19764709472656,179.6199951171875,271.5574645996094,59.20479965209961,168.2899932861328,139.37086486816406,156.37184143066406
2024-04-29,172.26295471191406,397.81671142578125,430.716064453125,87.71713256835938,165.0118865966797,187.99339294433594,180.9600067138672,268.90643310546875,59.283531188964844,194.0500030517578,140.0193634033203,156.73057556152344
2024-04-30,169.1155548095703,385.03912353515625,428.2768859863281,86.36274719238281,161.66497802734375,186.49549865722656,175.0,265.7112121582031,58.40766525268555,183.27999877929688,137.89263916015625,158.22360229492188
2024-05-01,168.0928955078125,390.5872802734375,437.25714111328125,83.00326538085938,162.73757934570312,186.6122283935547,179.0,264.4351806640625,57.91560363769531,179.99000549316406,144.17738342285156,158.41749572753906
2024-05-02,171.7963104248047,393.4553527832031,439.7362365722656,85.77801513671875,165.47866821289062,186.41770935058594,184.72000122070312,264.7220458984375,58.76194763183594,180.00999450683594,142.97576904296875,158.84408569335938
2024-05-03,182.07249450683594,402.1781311035156,449.9709777832031,88.74866485595703,166.09442138671875,185.29913330078125,186.2100067138672,265.592529296875,58.87020492553711,181.19000244140625,142.3558807373047,159.44520568847656
2024-05-06,180.41441345214844,408.9823303222656,463.63055419921875,92.09813690185547,166.94854736328125,186.74838256835938,188.6999969482422,269.72747802734375,58.919403076171875,184.75999450683594,141.69784545898438,159.42578125
2024-05-07,181.09947204589844,404.82861328125,466.1792907714844,90.51286315917969,170.0769500732422,186.50521850585938,188.75999450683594,273.47650146484375,59.65749740600586,177.80999755859375,141.83135986328125,160.7055206298828
2024-05-08,181.4370880126953,406.0153503417969,470.5201416015625,90.37093353271484,168.21978759765625,190.29855346679688,188.0,274.1986389160156,59.34257507324219,174.72000122070312,142.05068969726562,160.03659057617188
2024-05-09,183.2540283203125,407.7757263183594,473.3277587890625,88.70668029785156,168.79579162597656,192.09796142578125,189.5,275.53411865234375,59.686241149902344,171.97000122070312,142.90902709960938,160.9770050048828
2024-05-10,181.99139404296875,410.1690979003906,474.1042785644531,89.8371810913086,167.49476623535156,193.33322143554688,187.47999572753906,277.7102966308594,59.72574234008789,168.47000122070312,142.96624755859375,161.76231384277344
2024-05-13,185.2026824951172,409.1603088378906,465.9503479003906,90.3579330444336,167.98141479492188,193.2943115234375,186.57000732421875,276.37493896484375,59.6566162109375,171.88999938964844,144.21554565429688,160.81219482421875
2024-05-14,186.3460235595703,411.968994140625,469.7734375,91.31450653076172,169.17320251464844,195.99826049804688,187.07000732421875,274.7427062988281,59.11347961425781,177.5500030517578,144.36814880371094,160.7055206298828
2024-05-15,188.62281799316406,419.171875,479.4207763671875,94.58702087402344,171.32833862304688,196.5818634033203,185.99000549316406,278.4621276855469,59.08385467529297,173.99000549316406,145.598388671875,161.4326629638672
2024-05-16,188.7421112060547,417.10113525390625,471.14739990234375,94.31613159179688,172.98687744140625,196.9320068359375,183.6300048828125,277.3323669433594,63.21172332763672,174.83999633789062,147.13380432128906,162.7415313720703
2024-05-17,188.7719268798828,416.328369140625,469.8331298828125,92.43698120117188,174.85400390625,199.1885528564453,184.6999969482422,277.5900573730469,63.8437385559082,177.4600067138672,147.47714233398438,162.52821350097656
2024-05-20,189.93516540527344,421.41094970703125,466.77667236328125,94.73694610595703,175.7081298828125,190.23048400878906,183.5399932861328,276.0440368652344,63.379600524902344,174.9499969482422,145.4293975830078,162.20828247070312
2024-05-21,191.2375946044922,425.07684326171875,462.5851745605469,95.34266662597656,176.6317596435547,194.06271362304688,183.14999389648438,273.4772644042969,64.3375015258789,186.60000610351562,145.40054321289062,163.21658325195312
2024-05-22,189.79598999023438,426.5431213378906,465.7213134765625,94.90686798095703,175.17181396484375,192.88580322265625,183.1300048828125,273.11053466796875,64.43626403808594,180.11000061035156,147.57327270507812,162.69302368164062
2024-05-23,185.7992401123047,423.0556640625,463.7301330566406,103.75184631347656,172.3612060546875,191.5338134765625,181.0500030517578,271.77264404296875,64.03136444091797,173.74000549316406,143.9199981689453,160.44378662109375
2024-05-24,188.8813018798828,426.18646240234375,476.1153869628906,106.42063903808594,173.79136657714844,195.22015380859375,180.75,272.0302734375,64.56462097167969,179.24000549316406,141.29542541503906,160.28866577148438
2024-05-28,188.8912353515625,426.3450012207031,477.80792236328125,113.84925079345703,175.19168090820312,194.04324340820312,182.14999389648438,268.5517883300781,64.22887420654297,176.75,138.80538940429688,158.1363525390625
2024-05-29,189.18951416015625,425.20562744140625,472.2723693847656,114.7728271484375,174.69509887695312,192.69125366210938,182.02000427246094,266.45074462890625,64.11036682128906,176.19000244140625,138.8631134033203,156.72088623046875
2024-05-30,190.18373107910156,410.83953857421875,464.99456787109375,110.44979095458984,170.9310760498047,193.87789916992188,179.32000732421875,268.8688659667969,64.08074951171875,178.7899932861328,139.67066955566406,157.6225128173828
2024-05-31,191.13818359375,411.2953186035156,464.7755126953125,109.58319854736328,171.31838989257812,197.08766174316406,176.44000244140625,270.01849365234375,64.93989562988281,178.0800018310547,141.00697326660156,159.5227508544922
2024-06-03,192.9078826904297,409.7001953125,475.3885803222656,114.94775390625,171.9838104248047,196.2998046875,178.33999633789062,267.9571533203125,64.9991455078125,176.2899932861328,142.0356903076172,159.62939453125
2024-06-04,193.2260284423828,412.2266540527344,474.89080810546875,116.38410949707031,172.59954833984375,193.71255493164062,179.33999633789062,269.9788513183594,65.76942443847656,174.77000427246094,142.09335327148438,161.9174346923828
2024-06-05,194.7372283935547,420.09326171875,492.8812561035156,122.38438415527344,174.2084503173828,191.864501953125,181.27999877929688,272.0401916503906,66.25330352783203,175.0,140.33401489257812,160.98670959472656
2024-06-06,193.3552703857422,420.5985412597656,491.5870666503906,120.94304656982422,175.5194091796875,191.5240936279297,185.0,274.55743408203125,66.31256103515625,177.94000244140625,140.7666473388672,163.33291625976562
2024-06-07,195.75135803222656,419.9347839355469,490.7905578613281,120.83309173583984,173.26498413085938,194.48094177246094,184.3000030517578,276.1728820800781,65.05839538574219,177.47999572753906,141.40115356445312,161.96591186523438
2024-06-10,192.0031280517578,423.9176025390625,500.3880920410156,121.73468017578125,174.0106658935547,194.15023803710938,187.05999755859375,272.57537841796875,66.12492370605469,173.7899932861328,141.44923400878906,162.24705505371094
2024-06-11,205.95199584960938,428.68316650390625,505.2366638183594,120.86500549316406,175.6114959716797,189.04383850097656,187.22999572753906,272.20867919921875,65.89779663085938,170.66000366210938,141.093505859375,162.37310791015625
2024-06-12,211.8377685546875,436.9857482910156,506.60064697265625,125.15340423583984,176.77481079101562,186.29122924804688,186.88999938964844,267.8976745605469,65.4830322265625,177.2899932861328,139.795654296875,160.14321899414062
2024-06-13,213.00099182128906,437.5009765625,501.88153076171875,129.561767578125,174.1598358154297,188.36297607421875,183.8300018310547,268.7598571777344,65.8681640625,182.47000122070312,139.83409118652344,161.33570861816406
2024-06-14,211.26112365722656,438.4818420410156,502.4396057128906,131.8309326171875,175.78053283691406,188.4796905517578,183.66000366210938,268.234619140625,66.18417358398438,178.00999450683594,139.92062377929688,161.70411682128906
2024-06-17,215.41693115234375,444.228271484375,504.90118408203125,130.93125915527344,176.22796630859375,189.64686584472656,184.05999755859375,268.7400207519531,66.5792007446289,187.44000244140625,140.31478881835938,162.39248657226562
2024-06-18,213.0507049560547,442.2170104980469,497.7855224609375,135.529541015625,174.09022521972656,191.61163330078125,182.80999755859375,271.1680908203125,66.75694274902344,184.86000061035156,140.0263671875,163.420166015625
2024-06-20,208.46734619140625,441.5829162597656,499.98797607421875,130.73133850097656,175.29330444335938,193.23593139648438,186.10000610351562,274.33941650390625,67.16182708740234,181.57000732421875,142.07412719726562,162.55731201171875
2024-06-21,206.2900390625,445.6252136230469,493.09161376953125,126.52289581298828,178.60430908203125,190.9307861328125,189.0800018310547,272.7537536621094,67.0630874633789,183.00999450683594,143.00668334960938,163.12930297851562
2024-06-24,206.936279296875,443.5346984863281,497.20751953125,118.06604766845703,178.19664001464844,193.44021606445312,185.57000732421875,273.8240661621094,68.04073333740234,182.5800018310547,143.3623809814453,163.31350708007812
2024-06-25,207.8609161376953,446.784423828125,508.85760498046875,126.0430679321289,182.97918701171875,192.65235900878906,186.33999633789062,271.07891845703125,66.5792007446289,187.35000610351562,141.50692749023438,161.76231384277344
2024-06-26,212.0167236328125,447.9832458496094,511.36895751953125,126.35296630859375,182.83004760742188,192.02987670898438,193.61000061035156,271.1482849121094,67.43834686279297,196.3699951171875,141.1511993408203,162.343994140625
2024-06-27,212.86181640625,448.6668701171875,517.7870483398438,123.94385528564453,184.35130310058594,193.72227478027344,197.85000610351562,264.2010803222656,67.03345489501953,197.4199981689453,140.1705780029297,161.53932189941406
2024-06-28,209.40191650390625,442.82135009765625,502.4994201660156,123.49402618408203,181.1099090576172,196.72775268554688,193.25,260.1180419921875,66.86557006835938,197.8800048828125,140.5166778564453,159.89114379882812
2024-07-01,215.49647521972656,452.5110168457031,502.9577941894531,124.25374603271484,181.9451141357422,199.83050537109375,197.1999969482422,260.881103515625,66.6384506225586,209.86000061035156,140.78585815429688,157.75823974609375
2024-07-02,218.9961395263672,455.0374450683594,507.7613525390625,122.62434387207031,184.18228149414062,203.11805725097656,200.0,265.826416015625,67.22108459472656,231.25999450683594,140.39169311523438,158.90225219726562
2024-07-03,220.26873779296875,456.5137023925781,508.21978759765625,128.2322540283203,184.7589569091797,202.9818878173828,197.58999633789062,266.57958984375,67.38896942138672,246.38999938964844,140.06483459472656,158.8343963623047
2024-07-05,225.031005859375,463.240966796875,538.0675659179688,125.78317260742188,189.51168823242188,200.2922821044922,200.0,267.93731689453125,69.16651916503906,251.52000427246094,140.82431030273438,160.17233276367188
2024-07-08,226.50247192382812,461.93316650390625,527.5137939453125,128.1522674560547,187.95062255859375,200.6639404296875,199.2899932861328,264.0127868652344,68.81100463867188,252.94000244140625,139.8629150390625,161.44236755371094
2024-07-09,227.3574676513672,455.2950744628906,528.1914672851562,131.33111572265625,187.90090942382812,203.06993103027344,199.33999633789062,263.0614013671875,69.02826690673828,262.3299865722656,141.372314453125,160.6085968017578
2024-07-10,231.63259887695312,461.943115234375,532.865478515625,134.8597869873047,190.08834838867188,203.23617553710938,199.7899932861328,260.6432800292969,69.53190612792969,263.260009765625,143.66041564941406,161.71383666992188
2024-07-11,226.25390625,450.4997863769531,510.9504699707031,127.35258483886719,184.51039123535156,202.89385986328125,195.0500030517578,260.19732666015625,68.92951202392578,241.02999877929688,143.9199981689453,160.49224853515625
2024-07-12,229.20672607421875,449.36041259765625,497.16766357421875,129.19190979003906,184.0132598876953,200.43899536132812,194.49000549316406,263.3586730957031,68.37649536132812,248.22999572753906,144.09304809570312,161.5296173095703
2024-07-15,233.04440307617188,449.7666015625,494.4668884277344,128.39218139648438,185.46490478515625,205.43675231933594,192.72000122070312,266.0444641113281,68.74188232421875,252.63999938964844,143.47775268554688,159.5615234375
2024-07-16,233.46197509765625,445.3676452636719,488.1186828613281,126.31297302246094,182.86981201171875,208.9283447265625,193.02000427246094,266.8372802734375,69.11714172363281,256.55999755859375,145.17941284179688,161.8592529296875
2024-07-17,227.5563201904297,439.4230651855469,460.41351318359375,117.94608306884766,179.9863739013672,212.10696411132812,187.92999267578125,270.25634765625,70.1441650390625,248.5,150.5343780517578,164.27333068847656
2024-07-18,222.88351440429688,436.3021240234375,474.2261962890625,121.04493713378906,176.67538452148438,205.3682861328125,183.75,266.7381286621094,69.9367904663086,249.22999572753906,149.4191436767578,163.3038330078125
2024-07-19,223.01275634765625,433.0722961425781,475.16302490234375,117.8861083984375,176.6455535888672,205.1726837158203,183.1300048828125,263.08123779296875,69.86766052246094,239.1999969482422,148.7173309326172,163.81784057617188
2024-07-22,222.66477966308594,438.8484191894531,485.7367858886719,123.49402618408203,180.6326446533203,205.6616973876953,182.5500030517578,265.3110656738281,69.50227355957031,251.50999450683594,148.2847137451172,164.1006622314453
2024-07-23,223.70870971679688,440.7407531738281,487.02239990234375,122.54437255859375,180.751953125,205.71060180664062,186.41000366210938,262.417236328125,69.76891326904297,246.3800048828125,146.4676971435547,162.5108642578125
2024-07-24,217.276123046875,424.9381103515625,459.6959533691406,114.20747375488281,171.644287109375,204.00881958007812,180.8300018310547,251.8923797607422,69.71952819824219,215.99000549316406,150.24594116210938,163.85684204101562
2024-07-25,216.23220825195312,414.5351257324219,451.86279296875,112.23820495605469,166.3248291015625,204.08706665039062,179.85000610351562,251.4662628173828,69.14676666259766,220.25,153.47621154785156,162.7839813232422
2024-07-26,216.69949340820312,421.34161376953125,464.11083984375,113.01791381835938,166.04641723632812,207.57867431640625,182.5,257.135009765625,68.90975952148438,219.8000030517578,154.43760681152344,164.93946838378906
2024-07-29,216.97787475585938,422.78814697265625,464.1208190917969,111.5484619140625,168.56198120117188,206.2191925048828,183.1999969482422,259.25579833984375,68.75176239013672,232.10000610351562,152.43789672851562,165.73924255371094
2024-07-30,217.5346221923828,419.0133361816406,461.6094055175781,103.69139099121094,169.317626953125,210.4638671875,181.7100067138672,260.7424011230469,68.32711791992188,222.6199951171875,155.10096740722656,157.71221923828125
2024-07-31,220.795654296875,414.4855651855469,473.20965576171875,116.9764404296875,170.56048583984375,208.12635803222656,186.97999572753906,263.2893371582031,67.78397369384766,232.07000732421875,151.7553253173828,156.79539489746094
2024-08-01,217.09716796875,413.2569885253906,496.04150390625,109.16935729980469,169.7849578857422,203.3926544189453,184.07000732421875,263.5469970703125,68.91963958740234,216.86000061035156,154.5529327392578,161.60382080078125
2024-08-02,218.58848571777344,404.71661376953125,486.4742736816406,107.2300796508789,165.70838928222656,194.76637268066406,167.89999389648438,264.191162109375,67.60621643066406,207.6699981689453,157.80245971679688,165.88555908203125
2024-08-05,208.0597381591797,391.4998474121094,474.10662841796875,100.41261291503906,158.34068298339844,190.61949157714844,161.02000427246094,254.14205932617188,66.7470703125,198.8800048828125,155.0240478515625,163.9153594970703
2024-08-06,206.03152465820312,395.9186706542969,492.4039611816406,104.2112045288086,157.38616943359375,195.9400177001953,161.92999267578125,255.94577026367188,66.89520263671875,200.63999938964844,152.83206176757812,163.94461059570312
2024-08-07,208.6065673828125,394.74957275390625,487.2515869140625,98.8731918334961,158.03244018554688,195.99868774414062,162.77000427246094,254.2213134765625,66.07555389404297,191.75999450683594,152.76480102539062,165.8270263671875
2024-08-08,212.0763702392578,398.97021484375,507.8909606933594,104.9309310913086,161.10479736328125,199.5782928466797,165.8000030517578,257.50164794921875,66.81620025634766,198.83999633789062,154.0338134765625,166.6560516357422
2024-08-09,214.9894256591797,402.2694396972656,516.0032348632812,104.71102142333984,162.7354278564453,201.2801055908203,166.94000244140625,257.9485168457031,67.10257720947266,200.0,154.41836547851562,166.33419799804688
2024-08-12,216.52230834960938,403.05218505859375,514.1893920898438,108.97942352294922,161.3633270263672,201.66152954101562,166.8000030517578,258.0776062011719,67.84323120117188,197.49000549316406,153.7069549560547,162.69618225097656
2024-08-13,220.24497985839844,410.1856384277344,526.7363891601562,116.09677124023438,163.22264099121094,203.3730926513672,170.22999572753906,258.3159484863281,67.28033447265625,207.8300018310547,152.2744903564453,163.1643524169922
2024-08-14,220.69290161132812,413.0093078613281,524.9624633789062,118.03604888916016,159.4542694091797,205.62257385253906,170.10000610351562,259.3189392089844,67.8037338256836,201.3800048828125,152.36099243164062,164.63711547851562
2024-08-15,223.6790008544922,417.8926696777344,535.4963989257812,122.81427764892578,160.3789825439453,206.90380859375,177.58999633789062,264.9394226074219,72.2673568725586,214.13999938964844,152.94744873046875,163.77880859375
2024-08-16,225.00283813476562,415.35174560546875,525.6201782226562,124.53363800048828,162.02951049804688,209.27066040039062,177.05999755859375,265.515380859375,72.74073791503906,216.1199951171875,153.23587036132812,163.7495574951172
2024-08-19,224.84356689453125,418.388916015625,527.473876953125,129.9516143798828,165.7183074951172,210.7181396484375,178.22000122070312,264.6117248535156,73.00814056396484,222.72000122070312,153.46661376953125,164.2664794921875
2024-08-20,225.46070861816406,421.63458251953125,524.9325561523438,127.20264434814453,166.22540283203125,209.80859375,178.8800048828125,266.1707763671875,73.82022094726562,221.10000610351562,153.97613525390625,166.20741271972656
2024-08-21,225.35121154785156,420.9794921875,533.3338623046875,128.45217895507812,164.90298461914062,209.88682556152344,180.11000061035156,266.3296813964844,74.51345825195312,223.27000427246094,155.1970977783203,165.96356201171875
2024-08-22,223.4898681640625,412.4534606933594,530.1148071289062,123.69395446777344,162.8647003173828,211.87225341796875,176.1300048828125,266.0715026855469,74.85018157958984,210.66000366210938,156.08157348632812,165.9538116455078
2024-08-23,225.78916931152344,413.68426513671875,526.1982421875,129.32183837890625,164.67431640625,213.51535034179688,177.0399932861328,265.5749816894531,74.96900939941406,220.32000732421875,157.79286193847656,164.99798583984375
2024-08-26,226.12757873535156,410.40887451171875,519.3417358398438,126.41292572021484,165.2112274169922,214.35647583007812,175.5,266.339599609375,75.29582977294922,213.2100067138672,158.2543182373047,166.14889526367188
2024-08-27,226.97366333007812,410.7562561035156,517.32861328125,128.25225830078125,163.73965454101562,215.34426879882812,173.1199951171875,268.83209228515625,75.39485931396484,209.2100067138672,157.84747314453125,165.0760040283203
2024-08-28,225.44078063964844,407.5403747558594,515.0165405273438,125.5632553100586,161.9201202392578,216.4298858642578,170.8000030517578,267.3127746582031,75.34534454345703,205.75,158.78709411621094,164.89071655273438
2024-08-29,228.7255096435547,410.0415954589844,516.4515991210938,117.54623413085938,160.85623168945312,217.32968139648438,172.1199951171875,272.4070129394531,75.68206024169922,206.27999877929688,159.08737182617188,165.83677673339844
2024-08-30,227.9391632080078,414.0316467285156,519.531005859375,119.32557678222656,162.4470977783203,219.86282348632812,178.5,274.44268798828125,76.48423767089844,214.11000061035156,160.66635131835938,167.30953979492188
2024-09-03,221.738037109375,406.3890380859375,510.0137023925781,107.95980072021484,156.46145629882812,215.46163940429688,176.25,276.59759521484375,76.42481231689453,210.60000610351562,161.92562866210938,170.216064453125
2024-09-04,219.82691955566406,405.85302734375,510.99029541015625,106.17046356201172,155.55665588378906,214.512939453125,173.3300018310547,278.5339660644531,76.49413299560547,219.41000366210938,162.119384765625,171.56201171875
2024-09-05,221.34983825683594,405.3468933105469,515.0962524414062,107.17009735107422,156.3421630859375,212.85028076171875,177.88999938964844,276.6770324707031,76.21685028076172,230.1699981689453,159.82359313964844,171.1426239013672
2024-09-06,219.79705810546875,398.70672607421875,498.5628662109375,102.79173278808594,150.0582275390625,207.79383850097656,171.38999938964844,277.4217834472656,75.89994049072266,210.72999572753906,159.2327117919922,171.25965881347656
2024-09-09,219.88665771484375,402.6967468261719,503.0674743652344,106.43038177490234,148.05706787109375,212.0482940673828,175.39999389648438,283.6182556152344,76.59317779541016,216.27000427246094,161.3928680419922,171.7180633544922
2024-09-10,219.09033203125,411.11358642578125,503.0674743652344,108.05976104736328,148.00729370117188,201.04537963867188,179.5500030517578,283.3501281738281,78.04898071289062,226.1699981689453,162.1387481689453,173.4053955078125
2024-09-11,221.6285400390625,419.8876953125,510.0834045410156,116.86648559570312,150.49630737304688,202.67869567871094,184.52000427246094,281.979736328125,78.07868957519531,228.1300048828125,159.65892028808594,169.63084411621094
2024-09-12,221.738037109375,423.81817626953125,523.8064575195312,119.10585021972656,154.0108184814453,202.06253051757812,187.0,283.3799133300781,78.89078521728516,229.80999755859375,159.48455810546875,169.1919403076172
2024-09-13,221.46926879882812,427.38140869140625,522.829833984375,119.06585693359375,156.76866149902344,199.83261108398438,186.49000549316406,285.3461608886719,79.82170104980469,230.2899932861328,160.3369903564453,169.7869110107422
2024-09-16,215.31790161132812,428.1258239746094,531.9672241210938,116.74652099609375,157.3660125732422,203.29486083984375,184.88999938964844,288.4543151855469,79.7820816040039,226.77999877929688,161.76097106933594,172.8689727783203
2024-09-17,215.78570556640625,431.9074401855469,534.999755859375,115.5568618774414,158.6204833984375,204.65432739257812,186.8800048828125,289.52679443359375,77.84101104736328,227.8699951171875,161.83847045898438,171.54251098632812
2024-09-18,219.66766357421875,427.59979248046875,536.6257934570312,113.3375015258789,159.10833740234375,202.9720916748047,186.42999267578125,286.4682922363281,78.26686096191406,227.1999969482422,160.94725036621094,169.63084411621094
2024-09-19,227.8097686767578,435.4210510253906,557.7236328125,117.83621215820312,161.4281005859375,205.8572998046875,189.8699951171875,283.2508544921875,77.28642272949219,243.9199981689453,159.65892028808594,167.30953979492188
2024-09-20,227.1428680419922,432.02655029296875,559.9681396484375,115.96675109863281,162.87173461914062,206.4539031982422,191.60000610351562,282.7840881347656,78.29656982421875,238.25,159.01959228515625,169.92344665527344
2024-09-23,225.42088317871094,430.2796936035156,563.0205688476562,116.22667694091797,161.13937377929688,206.7962188720703,193.8800048828125,286.6172180175781,79.55430603027344,250.0,158.1090087890625,169.48452758789062
2024-09-24,226.31671142578125,425.9720153808594,561.9432983398438,120.83535766601562,161.5774383544922,206.94293212890625,193.9600067138672,270.87774658203125,79.89102935791016,254.27000427246094,157.6827850341797,168.96763610839844
2024-09-25,225.32135009765625,428.89007568359375,566.9109497070312,123.47459411621094,160.7809600830078,205.5736846923828,192.52999877929688,267.7497253417969,80.61397552490234,257.0199890136719,155.57106018066406,168.0117645263672
2024-09-26,226.4660186767578,428.0960388183594,566.442138671875,124.00444030761719,162.0155029296875,205.1726837158203,191.16000366210938,269.7953186035156,79.14826202392578,254.22000122070312,156.33631896972656,168.93836975097656
2024-09-27,226.73475646972656,424.8305358886719,565.9633178710938,121.36520385742188,163.2301483154297,205.8768768310547,187.97000122070312,273.2510681152344,79.00961303710938,260.4599914550781,156.3459930419922,169.2699737548828
2024-09-30,231.92063903808594,427.0935363769531,571.0308227539062,121.40518951416016,165.12181091308594,206.2289581298828,186.3300018310547,273.0326232910156,79.97024536132812,261.6300048828125,156.98533630371094,168.92861938476562
2024-10-01,225.16207885742188,417.55517578125,575.0509033203125,116.96646118164062,166.25680541992188,202.4928741455078,185.1300048828125,275.6641540527344,80.4852294921875,258.0199890136719,156.9175262451172,168.7725372314453
2024-10-02,225.7294464111328,414.0217590332031,571.39990234375,118.81592559814453,165.13177490234375,202.73736572265625,184.75999450683594,275.0683288574219,79.6533432006836,249.02000427246094,156.1232147216797,167.68017578125
2024-10-03,224.6245880126953,413.4361267089844,581.3353881835938,122.81478118896484,165.13177490234375,200.7226104736328,181.9600067138672,274.9292297363281,79.6533432006836,240.66000366210938,155.4741973876953,165.92454528808594
2024-10-04,225.74935913085938,412.959716796875,594.4730224609375,124.88418579101562,166.32650756835938,207.8470001220703,186.50999450683594,275.9918212890625,80.1584243774414,250.0800018310547,155.270751953125,164.71514892578125
2024-10-07,220.6630401611328,406.4883117675781,583.3405151367188,127.68339538574219,162.26441955566406,207.56163024902344,180.8000030517578,271.8807067871094,78.336181640625,240.8300018310547,154.5345458984375,162.99853515625
2024-10-08,224.72413635253906,411.6197509765625,591.4305419921875,132.85189819335938,163.65826416015625,207.38449096679688,182.72000122070312,273.04248046875,78.94029235839844,244.5,154.6895294189453,164.01290893554688
2024-10-09,228.47666931152344,414.3492431640625,589.056396484375,132.61196899414062,161.1493377685547,210.01185607910156,185.1699981689453,274.9987487792969,79.62362670898438,241.0500030517578,155.61947631835938,165.09552001953125
2024-10-10,227.9789581298828,412.7413330078125,582.392822265625,134.7713623046875,161.36834716796875,209.44113159179688,186.64999389648438,275.5350341796875,78.84126281738281,238.77000427246094,155.48387145996094,164.78341674804688
2024-10-11,226.4958953857422,413.2177734375,588.497802734375,134.76136779785156,162.5232696533203,218.74020385742188,188.82000732421875,275.9024353027344,79.32652282714844,217.8000030517578,156.4041290283203,166.87063598632812
2024-10-14,230.228515625,416.0167541503906,588.966552734375,138.0304412841797,164.2357177734375,217.9431610107422,187.5399932861328,278.72265625,79.51469421386719,219.16000366210938,156.5397491455078,168.255615234375
2024-10-15,232.76670837402344,415.6197204589844,584.8267822265625,131.56228637695312,164.73353576660156,218.838623046875,187.69000244140625,277.34234619140625,80.86155700683594,219.57000732421875,158.96145629882812,169.2895050048828
2024-10-16,230.70628356933594,413.0192565917969,575.3700561523438,135.68109130859375,164.43484497070312,220.06866455078125,186.88999938964844,285.5149230957031,80.43571472167969,221.3300018310547,159.1358184814453,168.1288299560547
2024-10-17,231.07456970214844,413.61480712890625,575.509765625,136.8907470703125,162.21463012695312,220.83619689941406,187.52999877929688,288.36492919921875,80.10889434814453,220.88999938964844,159.3198699951172,168.03128051757812
2024-10-18,233.91136169433594,415.04400634765625,575.0509033203125,137.96043395996094,162.70248413085938,221.77102661132812,188.99000549316406,288.59332275390625,80.52484893798828,220.6999969482422,159.9495086669922,168.03814697265625
2024-10-21,235.384521484375,415.659423828125,573.744140625,143.66880798339844,163.34963989257812,219.43887329101562,189.07000732421875,284.8495788574219,80.02967071533203,218.85000610351562,157.73123168945312,166.3311004638672
2024-10-22,234.76739501953125,424.32440185546875,580.5772705078125,143.54884338378906,164.41493225097656,220.54098510742188,189.6999969482422,282.8039855957031,81.22798156738281,217.97000122070312,158.33180236816406,166.48806762695312
2024-10-23,229.69100952148438,421.43609619140625,562.3023681640625,139.51998901367188,162.0653076171875,219.8423309326172,184.7100067138672,281.78118896484375,82.46591186523438,213.64999389648438,160.66635131835938,166.37033081054688
2024-10-24,229.50189208984375,421.5650939941406,566.38232421875,140.3697509765625,162.0055389404297,221.38726806640625,186.3800048828125,281.24493408203125,82.23814392089844,260.4800109863281,158.544921875,166.40956115722656
2024-10-25,230.3380126953125,424.9595947265625,571.8388671875,141.49942016601562,164.54437255859375,218.7598876953125,187.8300018310547,279.76531982421875,81.71326446533203,269.19000244140625,155.84228515625,165.0360870361328
2024-10-28,232.3187713623047,423.4112548828125,576.7366943359375,140.479736328125,165.9879913330078,221.89895629882812,188.38999938964844,282.2081604003906,81.95093536376953,262.510009765625,156.5397491455078,166.09564208984375
2024-10-29,232.5875244140625,428.7313232421875,591.819580078125,141.20950317382812,168.93499755859375,219.34048461914062,190.8300018310547,279.9142761230469,80.91107177734375,259.5199890136719,155.07701110839844,164.00595092773438
2024-10-30,229.03408813476562,429.3069763183594,590.3431396484375,139.300048828125,173.69400024414062,220.8263702392578,192.72999572753906,288.1365661621094,80.60406494140625,257.54998779296875,155.58074951171875,163.01507568359375
2024-10-31,224.8634796142578,403.3220520019531,566.1828002929688,132.72193908691406,170.35870361328125,218.37611389160156,186.39999389648438,287.8287048339844,81.15866088867188,249.85000610351562,154.85421752929688,162.05360412597656
2024-11-01,221.8773956298828,407.31207275390625,565.7637939453125,135.36119079589844,170.5379180908203,219.3798370361328,197.92999267578125,288.7124938964844,81.39634704589844,248.97999572753906,155.11578369140625,161.97512817382812
2024-11-04,220.98153686523438,405.4162902832031,559.2997436523438,136.01100158691406,168.49693298339844,216.27029418945312,195.77999877929688,289.81475830078125,81.6538314819336,242.83999633789062,153.2849578857422,161.95550537109375
2024-11-05,222.41488647460938,408.3939514160156,571.0208740234375,139.86988830566406,168.99473571777344,217.9530029296875,199.5,291.2447204589844,82.87195587158203,251.44000244140625,153.39151000976562,162.6226348876953
2024-11-06,221.68826293945312,417.0489807128906,570.6417846679688,145.56825256347656,175.73500061035156,243.11465454101562,207.08999633789062,305.25628662109375,82.63427734375,288.5299987792969,152.9362335205078,158.00177001953125
2024-11-07,226.42620849609375,422.2598876953125,590.2434692382812,148.8373260498047,179.95639038085938,232.60520935058594,210.0500030517578,303.6674499511719,83.04031372070312,296.9100036621094,151.8222198486328,160.31710815429688
2024-11-08,226.15716552734375,419.39141845703125,587.8892822265625,147.58767700195312,177.5669403076172,233.19561767578125,208.17999267578125,305.7229919433594,84.01085662841797,321.2200012207031,150.60171508789062,164.53573608398438
2024-11-11,223.43682861328125,414.8951721191406,581.734375,145.21835327148438,179.5581512451172,235.46873474121094,206.83999633789062,308.75177001953125,83.39683532714844,350.0,150.18515014648438,162.8875274658203
2024-11-12,223.43682861328125,419.87774658203125,583.3803100585938,148.2474822998047,180.82257080078125,235.73443603515625,208.91000366210938,308.27423095703125,84.16930389404297,328.489990234375,147.8603057861328,162.70111083984375
2024-11-13,224.32366943359375,422.0316162109375,578.5722045898438,146.2280731201172,178.0946044921875,237.30886840820312,214.10000610351562,307.9060974121094,84.67437744140625,330.239990234375,148.44154357910156,163.42710876464844
2024-11-14,227.41270446777344,423.7090148925781,575.7391967773438,146.71792602539062,174.80909729003906,238.0075225830078,211.47999572753906,306.6823425292969,83.65432739257812,311.17999267578125,147.11441040039062,163.9176483154297
2024-11-15,224.20408630371094,411.9076232910156,552.7160034179688,141.9392852783203,171.73265075683594,241.39260864257812,202.61000061035156,308.0652770996094,83.43645477294922,320.7200012207031,149.177734375,166.3311004638672
2024-11-18,227.21340942382812,412.66192626953125,553.0352783203125,140.10980224609375,174.5303192138672,241.11708068847656,201.6999969482422,310.57244873046875,83.26810455322266,338.739990234375,149.92361450195312,167.5181884765625
2024-11-19,227.4724884033203,414.67681884765625,559.708740234375,146.9678497314453,177.3379364013672,239.20806884765625,204.61000061035156,310.2640380859375,85.76375579833984,346.0,148.20904541015625,167.52798461914062
2024-11-20,228.18994140625,412.3939514160156,564.1278686523438,145.84817504882812,175.2073211669922,236.9349365234375,202.8800048828125,305.8266906738281,86.33816528320312,342.0299987792969,148.3155975341797,167.65553283691406
2024-11-21,227.71163940429688,410.6137390136719,561.703857421875,146.62796020507812,166.89401245117188,240.85137939453125,198.3800048828125,308.3239440917969,87.5364761352539,339.6400146484375,150.6307373046875,169.4803466796875
2024-11-22,229.05686950683594,414.7211608886719,557.7636108398438,141.9093017578125,164.03659057617188,244.58087158203125,197.1199951171875,308.3438720703125,89.56668090820312,352.55999755859375,150.3110809326172,172.94351196289062
2024-11-25,232.04624938964844,416.5013732910156,563.7188110351562,135.9810028076172,166.91387939453125,246.29307556152344,201.4499969482422,311.5971984863281,88.63574981689453,338.5899963378906,150.9019775390625,174.0325164794922
2024-11-26,234.22850036621094,425.6510925292969,572.1280517578125,136.88075256347656,168.37745666503906,245.9781951904297,207.86000061035156,310.2341613769531,90.42827606201172,338.2300109863281,150.88246154785156,175.91616821289062
2024-11-27,234.09896850585938,420.67840576171875,567.798828125,135.3011932373047,168.48696899414062,245.80104064941406,205.74000549316406,313.0995178222656,90.9927749633789,332.8900146484375,151.7417449951172,175.96524047851562
2024-11-29,236.490478515625,421.1458435058594,572.9061889648438,138.2103729248047,168.20819091796875,245.732177734375,207.88999938964844,313.47760009765625,91.6067886352539,345.1600036621094,151.3609161376953,175.86712646484375
2024-12-02,238.7424774169922,428.6247863769531,591.3706665039062,138.59027099609375,170.73704528808594,242.31761169433594,210.7100067138672,315.0395812988281,91.74543762207031,357.0899963378906,151.1558837890625,176.2987823486328
2024-12-03,241.79165649414062,428.84356689453125,612.139404296875,140.2198028564453,170.5876922607422,240.9104461669922,213.44000244140625,311.4181213378906,92.60704040527344,351.4200134277344,148.7733154296875,172.0998077392578
2024-12-04,242.15037536621094,435.0295715332031,612.26904296875,145.098388671875,173.60438537597656,239.5131072998047,218.16000366210938,308.3239440917969,93.53795623779297,357.92999267578125,146.92779541015625,171.79566955566406
2024-12-05,242.18028259277344,440.2011413574219,607.4310302734375,145.02841186523438,171.88198852539062,241.5598907470703,220.5500030517578,307.50811767578125,94.3797607421875,369.489990234375,146.00018310546875,172.69825744628906
2024-12-06,241.98098754882812,441.1459655761719,622.2344970703125,142.40899658203125,173.94290161132812,243.40988159179688,227.02999877929688,309.4283142089844,94.77588653564453,389.2200012207031,145.79510498046875,170.53009033203125
2024-12-09,245.8771514892578,443.58251953125,612.0595703125,138.77975463867188,174.80010986328125,239.9165496826172,226.08999633789062,306.7320861816406,92.92395782470703,389.7900085449219,146.0782928466797,167.5574188232422
2024-12-10,246.8935546875,440.9072570800781,617.7954711914062,135.04058837890625,184.5682830810547,238.9817352294922,225.0399932861328,310.79132080078125,93.63699340820312,400.989990234375,145.71697998046875,169.01922607421875
2024-12-11,245.61807250976562,446.5363464355469,631.1224975585938,139.27964782714844,194.7650146484375,239.64102172851562,230.25999450683594,312.19415283203125,94.04302978515625,424.7699890136719,143.18795776367188,167.40045166015625
2024-12-12,247.08290100097656,447.10321044921875,629.2371826171875,137.31008911132812,191.3362274169922,237.67295837402344,228.97000122070312,312.6319274902344,93.18142700195312,418.1000061035156,142.79737854003906,167.61630249023438
2024-12-13,247.2522735595703,444.8257141113281,618.8229370117188,134.22076416015625,189.2031707763672,236.1083526611328,227.4600067138672,313.1393127441406,93.54669189453125,436.2300109863281,143.16842651367188,167.82232666015625
2024-12-16,250.1519775390625,449.1221008300781,623.2056274414062,131.9712371826172,196.02093505859375,235.7541046142578,232.92999267578125,314.28350830078125,94.16207122802734,463.0199890136719,140.46365356445312,167.9008026123047
2024-12-17,252.58334350585938,451.9764099121094,618.41357421875,130.36160278320312,194.7849578857422,234.55360412597656,231.14999389648438,316.68121337890625,94.70796203613281,479.8599853515625,142.96337890625,167.10614013671875
2024-12-18,247.1725616455078,434.999755859375,596.200439453125,128.88192749023438,187.78778076171875,226.691162109375,220.52000427246094,308.2045593261719,92.85192108154297,440.1300048828125,141.3424530029297,165.87979125976562
2024-12-19,248.90640258789062,434.6416931152344,594.5831298828125,130.65151977539062,187.89739990234375,229.23983764648438,223.2899932861328,313.2786560058594,92.70303344726562,436.1700134277344,140.1999969482422,165.98773193359375
2024-12-20,253.58978271484375,434.21405029296875,584.2802124023438,134.670654296875,190.78799438476562,233.8057403564453,224.9199981689453,316.0942077636719,91.55168914794922,421.05999755859375,141.06903076171875,164.8791046142578
2024-12-23,254.36703491210938,432.8714294433594,598.8560180664062,139.6395721435547,193.99752807617188,234.58311462402344,225.05999755859375,315.606689453125,89.67579650878906,430.6000061035156,141.8502197265625,164.9281463623047
2024-12-24,257.2866516113281,436.9291076660156,606.742919921875,140.18946838378906,195.47271728515625,238.44052124023438,229.0500030517578,319.0192565917969,91.9884033203125,462.2799987792969,142.4165496826172,165.74244689941406
2024-12-26,258.1037292480469,435.7157897949219,602.3502197265625,139.89952087402344,194.96437072753906,239.25726318359375,227.0500030517578,319.2779541015625,92.09758758544922,454.1300048828125,142.1529083251953,166.93934631347656
2024-12-27,254.68588256835938,428.1772155761719,598.8160400390625,136.9801483154297,192.1335906982422,237.31871032714844,223.75,317.03936767578125,90.97602844238281,431.6600036621094,141.63539123535156,166.32127380371094
2024-12-30,251.30787658691406,422.50836181640625,590.26025390625,137.46005249023438,190.61856079101562,235.49826049804688,221.3000030517578,313.7064208984375,89.89414978027344,417.4100036621094,139.96563720703125,163.92745971679688
